date,campaign_id,impressions,clicks,spend,revenue
2025-01-01,CAMP1,3860,137,1895,6052
2025-01-01,CAMP2,8734,632,2038,1551
2025-01-01,CAMP3,9231,523,3719,13709
2025-01-01,CAMP4,4685,83,3191,13548
2025-01-02,CAMP1,9949,100,1755,2325
2025-01-02,CAMP2,7555,722,3100,7575
2025-01-02,CAMP3,3474,332,2847,5166
2025-01-02,CAMP4,3975,169,3805,15346
2025-01-03,CAMP1,7658,486,2067,6543
2025-01-03,CAMP2,6202,808,1446,1832
2025-01-03,CAMP3,9310,110,1400,6784
2025-01-03,CAMP4,3241,207,3412,5251
2025-01-04,CAMP1,9235,661,2278,7392
2025-01-04,CAMP2,3775,55,3053,6899
2025-01-04,CAMP3,4585,471,3873,9346
2025-01-04,CAMP4,5613,485,2300,11185
2025-01-05,CAMP1,9873,720,1001,4531
2025-01-05,CAMP2,9413,1052,1255,3849
2025-01-05,CAMP3,4275,69,3143,13516
2025-01-05,CAMP4,3337,285,1591,3349
2025-01-06,CAMP1,7859,746,1292,1465
2025-01-06,CAMP2,5062,167,3368,13388
2025-01-06,CAMP3,5027,256,3934,16403
2025-01-06,CAMP4,9736,1066,1218,4836
2025-01-07,CAMP1,8892,1242,3865,3947
2025-01-07,CAMP2,9278,1196,1579,3140
2025-01-07,CAMP3,7598,406,2551,8919
2025-01-07,CAMP4,5731,568,2370,6221
2025-01-08,CAMP1,9756,1424,3490,13693
2025-01-08,CAMP2,3502,413,1670,1138
2025-01-08,CAMP3,3206,223,3739,3684
2025-01-08,CAMP4,3863,382,1363,4136
2025-01-09,CAMP1,9019,1236,3078,7223
2025-01-09,CAMP2,6242,239,3372,2854
2025-01-09,CAMP3,4722,506,2619,12266
2025-01-09,CAMP4,9700,498,3860,17067
2025-01-10,CAMP1,8147,330,2163,9769
2025-01-10,CAMP2,8450,468,2838,12862
2025-01-10,CAMP3,6302,863,2208,3368
2025-01-10,CAMP4,7029,70,1772,7749
2025-01-11,CAMP1,3709,302,1448,3883
2025-01-11,CAMP2,8353,478,2798,3517
2025-01-11,CAMP3,6743,557,1936,1533
2025-01-11,CAMP4,9585,1387,3984,4646
2025-01-12,CAMP1,5999,90,2960,14488
2025-01-12,CAMP2,9363,161,2559,11738
2025-01-12,CAMP3,6474,681,1876,5069
2025-01-12,CAMP4,8791,768,3094,10905
2025-01-13,CAMP1,3202,197,1200,4532
2025-01-13,CAMP2,5327,404,997,2287
2025-01-13,CAMP3,6582,149,1408,1658
2025-01-13,CAMP4,7282,262,2594,8194
2025-01-14,CAMP1,9051,111,2786,11541
2025-01-14,CAMP2,6219,623,2643,12507
2025-01-14,CAMP3,4959,318,3185,13598
2025-01-14,CAMP4,4802,277,3320,4783
2025-01-15,CAMP1,8534,1133,2434,3720
2025-01-15,CAMP2,9287,1155,1816,5129
2025-01-15,CAMP3,7976,349,2127,10304
2025-01-15,CAMP4,7548,1026,3862,7822
2025-01-16,CAMP1,6170,666,3055,13860
2025-01-16,CAMP2,9295,619,2496,8459
2025-01-16,CAMP3,7682,1083,2243,10191
2025-01-16,CAMP4,6923,632,3983,3810
2025-01-17,CAMP1,3098,453,3761,4602
2025-01-17,CAMP2,7433,579,1756,2650
2025-01-17,CAMP3,3160,39,1197,2351
2025-01-17,CAMP4,6987,428,2215,9572
2025-01-18,CAMP1,7496,398,3535,3257
2025-01-18,CAMP2,7565,356,3597,11346
2025-01-18,CAMP3,9373,609,3285,15036
2025-01-18,CAMP4,9170,1112,1597,5434
2025-01-19,CAMP1,3959,518,3867,14505
2025-01-19,CAMP2,7754,698,2015,6860
2025-01-19,CAMP3,3016,450,3005,14401
2025-01-19,CAMP4,6444,861,2568,12297
2025-01-20,CAMP1,6420,449,980,3013
2025-01-20,CAMP2,3699,478,990,1856
2025-01-20,CAMP3,5975,771,927,2018
2025-01-20,CAMP4,8854,1134,2146,6578
2025-01-21,CAMP1,6863,269,3701,7823
2025-01-21,CAMP2,3154,161,1584,6841
2025-01-21,CAMP3,7341,442,2300,4218
2025-01-21,CAMP4,3537,436,1720,5593
2025-01-22,CAMP1,9971,813,835,3417
2025-01-22,CAMP2,5368,106,1199,873
2025-01-22,CAMP3,9002,515,1915,5945
2025-01-22,CAMP4,8919,811,1653,3267
2025-01-23,CAMP1,6769,581,1948,8328
2025-01-23,CAMP2,9713,138,2515,1697
2025-01-23,CAMP3,6854,414,3291,6483
2025-01-23,CAMP4,9407,1108,3851,18652
2025-01-24,CAMP1,8222,180,1676,2304
2025-01-24,CAMP2,7142,770,3783,14252
2025-01-24,CAMP3,7364,1073,1929,3767
2025-01-24,CAMP4,7752,510,2610,6460
2025-01-25,CAMP1,9070,409,916,791
2025-01-25,CAMP2,4150,445,1812,1380
2025-01-25,CAMP3,7729,246,3649,5761
2025-01-25,CAMP4,8237,906,1287,6056
2025-01-26,CAMP1,7992,1148,1503,4500
2025-01-26,CAMP2,9933,1114,3947,12027
2025-01-26,CAMP3,6506,755,3544,7224
2025-01-26,CAMP4,4243,69,1808,3437
2025-01-27,CAMP1,8053,873,2027,1170
2025-01-27,CAMP2,9617,758,1350,2778
2025-01-27,CAMP3,4757,480,2585,8456
2025-01-27,CAMP4,5849,272,3609,16963
2025-01-28,CAMP1,4631,601,2148,7685
2025-01-28,CAMP2,6087,121,2582,12262
2025-01-28,CAMP3,3895,385,1651,5100
2025-01-28,CAMP4,9833,887,2368,6067
2025-01-29,CAMP1,5738,716,2091,4678
2025-01-29,CAMP2,8536,863,1866,2577
2025-01-29,CAMP3,5444,217,3346,10982
2025-01-29,CAMP4,5774,115,1575,3518
2025-01-30,CAMP1,4625,266,914,1616
2025-01-30,CAMP2,6267,670,2449,8155
2025-01-30,CAMP3,3412,52,1528,6288
2025-01-30,CAMP4,5808,503,2692,10438
2025-01-31,CAMP1,9335,846,1922,4529
2025-01-31,CAMP2,8073,363,2943,5984
2025-01-31,CAMP3,7132,309,2348,8991
2025-01-31,CAMP4,5914,144,2096,6087
2025-02-01,CAMP1,3595,451,2165,3982
2025-02-01,CAMP2,9320,162,3292,15058
2025-02-01,CAMP3,7171,428,2619,12506
2025-02-01,CAMP4,7946,627,943,2374
2025-02-02,CAMP1,7491,419,3738,5447
2025-02-02,CAMP2,6636,801,3416,3452
2025-02-02,CAMP3,8161,1194,3245,9646
2025-02-02,CAMP4,4156,470,1532,3185
2025-02-03,CAMP1,9801,1427,3880,15235
2025-02-03,CAMP2,5539,727,2342,5661
2025-02-03,CAMP3,4191,84,3793,17119
2025-02-03,CAMP4,4217,90,2245,11090
2025-02-04,CAMP1,8615,1127,2165,9001
2025-02-04,CAMP2,3510,481,2124,8262
2025-02-04,CAMP3,6141,670,2610,10432
2025-02-04,CAMP4,8301,902,1513,6927
2025-02-05,CAMP1,7134,505,972,535
2025-02-05,CAMP2,4243,381,2483,2569
2025-02-05,CAMP3,7924,992,2758,10638
2025-02-05,CAMP4,4996,216,1304,2851
2025-02-06,CAMP1,6440,139,1728,2602
2025-02-06,CAMP2,3133,383,1484,7218
2025-02-06,CAMP3,4852,267,879,2526
2025-02-06,CAMP4,7298,1012,2499,7477
2025-02-07,CAMP1,8651,177,2894,9643
2025-02-07,CAMP2,8645,442,2196,7985
2025-02-07,CAMP3,6330,861,3818,6736
2025-02-07,CAMP4,5783,104,1157,2950
2025-02-08,CAMP1,3667,208,1945,2619
2025-02-08,CAMP2,7185,462,1339,1137
2025-02-08,CAMP3,7136,331,2746,10000
2025-02-08,CAMP4,8320,443,3308,11846
2025-02-09,CAMP1,3924,112,1189,5676
2025-02-09,CAMP2,3255,297,2744,6536
2025-02-09,CAMP3,5871,779,1676,2081
2025-02-09,CAMP4,4015,251,3936,10476
2025-02-10,CAMP1,8358,259,1652,6398
2025-02-10,CAMP2,8336,1215,3642,11147
2025-02-10,CAMP3,7000,529,3970,4376
2025-02-10,CAMP4,3404,60,1317,4757
2025-02-11,CAMP1,5756,863,2693,12412
2025-02-11,CAMP2,6636,944,882,1422
2025-02-11,CAMP3,9600,269,850,1475
2025-02-11,CAMP4,8565,1138,1287,4223
2025-02-12,CAMP1,6419,305,2374,8361
2025-02-12,CAMP2,3673,281,1570,4459
2025-02-12,CAMP3,7363,915,1035,3130
2025-02-12,CAMP4,7858,522,1423,3785
2025-02-13,CAMP1,6278,752,1377,5676
2025-02-13,CAMP2,5150,149,1563,7677
2025-02-13,CAMP3,4329,400,3645,10922
2025-02-13,CAMP4,5482,748,2131,6315
2025-02-14,CAMP1,4358,285,1558,4449
2025-02-14,CAMP2,5128,732,3747,9618
2025-02-14,CAMP3,6472,510,2675,6864
2025-02-14,CAMP4,5593,542,2273,4499
2025-02-15,CAMP1,6818,621,2706,7895
2025-02-15,CAMP2,9991,312,2735,9255
2025-02-15,CAMP3,7455,801,1080,4898
2025-02-15,CAMP4,6266,514,1471,1876
2025-02-16,CAMP1,9777,404,1828,3752
2025-02-16,CAMP2,7777,270,2228,6615
2025-02-16,CAMP3,9788,729,3193,14445
2025-02-16,CAMP4,4968,399,2636,5132
2025-02-17,CAMP1,9937,1211,1944,6988
2025-02-17,CAMP2,8175,1081,3678,8083
2025-02-17,CAMP3,7432,362,2080,1831
2025-02-17,CAMP4,8986,321,3566,10393
2025-02-18,CAMP1,3055,237,1273,4989
2025-02-18,CAMP2,5125,383,1164,908
2025-02-18,CAMP3,9842,446,1830,6573
2025-02-18,CAMP4,3918,319,2574,1639
2025-02-19,CAMP1,6345,460,3586,8202
2025-02-19,CAMP2,8311,396,1284,1695
2025-02-19,CAMP3,4062,223,2054,1851
2025-02-19,CAMP4,3125,83,2992,6113
2025-02-20,CAMP1,9168,963,866,2961
2025-02-20,CAMP2,4169,92,910,3472
2025-02-20,CAMP3,7718,882,3595,3861
2025-02-20,CAMP4,5472,313,3539,12056
2025-02-21,CAMP1,4761,210,3162,15618
2025-02-21,CAMP2,6812,958,2260,2165
2025-02-21,CAMP3,4733,289,3471,4245
2025-02-21,CAMP4,9986,222,3197,4092
2025-02-22,CAMP1,5870,750,3746,10714
2025-02-22,CAMP2,4063,437,1719,1726
2025-02-22,CAMP3,3467,505,803,420
2025-02-22,CAMP4,3117,143,3351,12576
2025-02-23,CAMP1,9717,1361,1646,4786
2025-02-23,CAMP2,8554,1089,2468,3311
2025-02-23,CAMP3,4141,453,1523,4240
2025-02-23,CAMP4,7208,606,2848,9249
2025-02-24,CAMP1,7415,164,2717,3245
2025-02-24,CAMP2,9988,844,1701,3427
2025-02-24,CAMP3,3009,261,2473,12253
2025-02-24,CAMP4,5060,535,2419,3981
2025-02-25,CAMP1,8732,90,3624,11525
2025-02-25,CAMP2,9039,857,1918,8981
2025-02-25,CAMP3,9461,1082,2769,2933
2025-02-25,CAMP4,3375,501,3435,7579
2025-02-26,CAMP1,5560,632,3765,2697
2025-02-26,CAMP2,8468,250,1672,6482
2025-02-26,CAMP3,8947,294,1524,2040
2025-02-26,CAMP4,5898,608,3421,7234
2025-02-27,CAMP1,8868,819,3249,13563
2025-02-27,CAMP2,4318,474,3647,9416
2025-02-27,CAMP3,9565,818,1374,3795
2025-02-27,CAMP4,5712,341,3854,8584
2025-02-28,CAMP1,4997,96,2951,9765
2025-02-28,CAMP2,4970,349,3426,11390
2025-02-28,CAMP3,9697,286,3886,17307
2025-02-28,CAMP4,8408,712,2054,6324
2025-03-01,CAMP1,5204,162,1920,7068
2025-03-01,CAMP2,3950,118,3043,9325
2025-03-01,CAMP3,7612,1010,3712,3575
2025-03-01,CAMP4,9028,230,3075,7861
2025-03-02,CAMP1,9158,1113,2894,6772
2025-03-02,CAMP2,6756,748,894,2854
2025-03-02,CAMP3,4955,426,2634,8417
2025-03-02,CAMP4,8779,310,2665,5440
2025-03-03,CAMP1,6205,410,1614,2898
2025-03-03,CAMP2,3362,105,2988,3364
2025-03-03,CAMP3,6281,600,2439,10791
2025-03-03,CAMP4,6531,158,3855,14012
2025-03-04,CAMP1,5935,78,926,1098
2025-03-04,CAMP2,3603,224,2728,6570
2025-03-04,CAMP3,6533,919,3626,9169
2025-03-04,CAMP4,5861,252,2445,3272
2025-03-05,CAMP1,6030,837,2654,5046
2025-03-05,CAMP2,9514,882,3508,7741
2025-03-05,CAMP3,4332,246,3160,1645
2025-03-05,CAMP4,8032,208,3091,9020
2025-03-06,CAMP1,5122,713,1274,4865
2025-03-06,CAMP2,6600,608,1754,4448
2025-03-06,CAMP3,8298,371,824,2259
2025-03-06,CAMP4,7805,115,1984,4227
2025-03-07,CAMP1,7158,349,3513,1963
2025-03-07,CAMP2,8588,705,1648,7951
2025-03-07,CAMP3,3688,324,1141,1008
2025-03-07,CAMP4,4724,169,1126,3579
2025-03-08,CAMP1,6212,407,3282,4741
2025-03-08,CAMP2,3722,219,3517,4776
2025-03-08,CAMP3,7524,473,3890,3095
2025-03-08,CAMP4,9733,1070,3857,11030
2025-03-09,CAMP1,8083,625,2501,9864
2025-03-09,CAMP2,9016,512,854,4062
2025-03-09,CAMP3,7895,379,2701,7750
2025-03-09,CAMP4,7064,95,2623,9762
2025-03-10,CAMP1,6079,83,3606,5922
2025-03-10,CAMP2,9102,947,1127,1091
2025-03-10,CAMP3,6310,566,3922,13481
2025-03-10,CAMP4,6054,671,2943,14565
2025-03-11,CAMP1,4311,559,3338,16128
2025-03-11,CAMP2,8619,892,3316,7722
2025-03-11,CAMP3,3822,517,2854,9559
2025-03-11,CAMP4,5198,669,1714,5353
2025-03-12,CAMP1,9843,1068,2720,11365
2025-03-12,CAMP2,9035,515,3870,8547
2025-03-12,CAMP3,7566,111,2355,7791
2025-03-12,CAMP4,8029,950,1704,4196
2025-03-13,CAMP1,8986,1283,3701,14836
2025-03-13,CAMP2,7688,1011,3479,17165
2025-03-13,CAMP3,7223,256,3986,11184
2025-03-13,CAMP4,7616,653,1036,2394
2025-03-14,CAMP1,8877,890,3341,16470
2025-03-14,CAMP2,3441,468,3457,5964
2025-03-14,CAMP3,3074,384,2975,3063
2025-03-14,CAMP4,8475,675,2881,8625
2025-03-15,CAMP1,8497,941,1141,1273
2025-03-15,CAMP2,3645,410,1409,4512
2025-03-15,CAMP3,9136,723,3753,17319
2025-03-15,CAMP4,5969,397,1501,4255
2025-03-16,CAMP1,8695,517,2645,10106
2025-03-16,CAMP2,5866,132,2194,3519
2025-03-16,CAMP3,3148,400,2858,6003
2025-03-16,CAMP4,4136,459,3591,10948
2025-03-17,CAMP1,7193,471,3511,16556
2025-03-17,CAMP2,9212,716,2585,1655
2025-03-17,CAMP3,4762,608,3805,18258
2025-03-17,CAMP4,9122,518,953,2510
2025-03-18,CAMP1,5120,105,1840,4337
2025-03-18,CAMP2,3060,325,2889,7420
2025-03-18,CAMP3,7226,150,907,3288
2025-03-18,CAMP4,6549,70,3371,7161
2025-03-19,CAMP1,6115,752,3664,4087
2025-03-19,CAMP2,3329,355,2320,3092
2025-03-19,CAMP3,4341,625,1138,4318
2025-03-19,CAMP4,5708,663,2308,8343
2025-03-20,CAMP1,3709,546,3313,8953
2025-03-20,CAMP2,6726,719,1288,6115
2025-03-20,CAMP3,3046,49,1839,8576
2025-03-20,CAMP4,6990,613,3957,18280
2025-03-21,CAMP1,6853,184,936,1279
2025-03-21,CAMP2,4521,312,2300,6058
2025-03-21,CAMP3,8085,142,3842,7437
2025-03-21,CAMP4,6561,657,1982,4243
2025-03-22,CAMP1,5667,152,1921,8610
2025-03-22,CAMP2,8290,477,982,2278
2025-03-22,CAMP3,3038,164,3344,9773
2025-03-22,CAMP4,3920,444,815,1972
2025-03-23,CAMP1,4131,176,1110,2862
2025-03-23,CAMP2,3545,46,1558,2079
2025-03-23,CAMP3,8393,1187,2714,13544
2025-03-23,CAMP4,7124,836,1276,853
2025-03-24,CAMP1,7843,767,2571,12670
2025-03-24,CAMP2,7361,168,1139,4349
2025-03-24,CAMP3,6760,172,1965,3608
2025-03-24,CAMP4,5033,259,2781,8762
2025-03-25,CAMP1,3431,42,2798,6785
2025-03-25,CAMP2,9960,645,1763,2613
2025-03-25,CAMP3,5041,613,1738,5472
2025-03-25,CAMP4,3806,506,2125,6807
2025-03-26,CAMP1,8181,784,3411,2703
2025-03-26,CAMP2,8703,1235,2133,6899
2025-03-26,CAMP3,6564,176,3978,5149
2025-03-26,CAMP4,5265,79,3353,13439
2025-03-27,CAMP1,6845,835,853,4146
2025-03-27,CAMP2,5736,473,1843,9172
2025-03-27,CAMP3,4596,213,3266,12776
2025-03-27,CAMP4,5109,763,802,3345
2025-03-28,CAMP1,7069,687,1692,4934
2025-03-28,CAMP2,5376,727,2180,1987
2025-03-28,CAMP3,4640,300,3482,3770
2025-03-28,CAMP4,4218,606,2155,1421
2025-03-29,CAMP1,8582,873,2218,1977
2025-03-29,CAMP2,3983,180,837,1396
2025-03-29,CAMP3,6972,117,1713,1481
2025-03-29,CAMP4,6387,161,1595,1343
2025-03-30,CAMP1,7688,143,2124,5655
2025-03-30,CAMP2,5396,738,2146,4431
2025-03-30,CAMP3,8985,773,2796,4757
2025-03-30,CAMP4,4285,355,3183,11022
2025-03-31,CAMP1,9496,304,3663,13507
2025-03-31,CAMP2,3362,145,2516,8958
2025-03-31,CAMP3,7286,785,1499,1819
2025-03-31,CAMP4,3556,469,1854,7816
2025-04-01,CAMP1,5719,325,2374,2904
2025-04-01,CAMP2,5403,474,1388,3863
2025-04-01,CAMP3,3294,122,2348,7692
2025-04-01,CAMP4,4136,365,1159,1934
2025-04-02,CAMP1,7795,87,3212,12877
2025-04-02,CAMP2,8445,419,1385,3386
2025-04-02,CAMP3,8089,468,1371,1792
2025-04-02,CAMP4,5084,123,2019,2588
2025-04-03,CAMP1,7579,147,1530,1910
2025-04-03,CAMP2,9667,187,1685,3465
2025-04-03,CAMP3,7569,154,3057,13517
2025-04-03,CAMP4,7799,816,1515,5868
2025-04-04,CAMP1,8346,777,3307,2019
2025-04-04,CAMP2,3906,488,3726,10056
2025-04-04,CAMP3,5994,271,2806,7033
2025-04-04,CAMP4,4453,336,1315,3179
2025-04-05,CAMP1,9540,1236,1686,7109
2025-04-05,CAMP2,4098,167,2510,8941
2025-04-05,CAMP3,6093,172,3696,17868
2025-04-05,CAMP4,6511,459,820,3766
2025-04-06,CAMP1,7964,791,2482,4303
2025-04-06,CAMP2,8506,456,1369,6192
2025-04-06,CAMP3,6598,754,2655,11699
2025-04-06,CAMP4,3791,233,2094,5490
2025-04-07,CAMP1,6610,962,3277,4642
2025-04-07,CAMP2,6676,792,1390,3532
2025-04-07,CAMP3,6633,773,3234,13212
2025-04-07,CAMP4,9059,131,1177,3854
2025-04-08,CAMP1,3526,272,3053,9746
2025-04-08,CAMP2,6965,738,2563,7721
2025-04-08,CAMP3,4016,130,3573,11143
2025-04-08,CAMP4,3116,288,1383,2623
2025-04-09,CAMP1,6788,210,1073,3822
2025-04-09,CAMP2,7433,573,1406,5270
2025-04-09,CAMP3,9154,982,3648,17462
2025-04-09,CAMP4,6496,100,1013,3921
2025-04-10,CAMP1,4576,200,3736,11466
2025-04-10,CAMP2,3591,278,2939,10759
2025-04-10,CAMP3,3713,440,1041,2049
2025-04-10,CAMP4,3001,254,2568,5335
2025-04-11,CAMP1,9732,204,1717,3347
2025-04-11,CAMP2,3089,329,942,1319
2025-04-11,CAMP3,3886,403,2695,9065
2025-04-11,CAMP4,9082,1230,2856,13460
2025-04-12,CAMP1,5270,452,1515,6695
2025-04-12,CAMP2,4713,459,1907,3866
2025-04-12,CAMP3,3250,252,1258,5694
2025-04-12,CAMP4,3899,365,821,2081
2025-04-13,CAMP1,3514,55,1673,4138
2025-04-13,CAMP2,5134,518,2360,10438
2025-04-13,CAMP3,5169,289,1549,3122
2025-04-13,CAMP4,4927,650,3156,10932
2025-04-14,CAMP1,3306,107,2789,10420
2025-04-14,CAMP2,3661,206,1111,5428
2025-04-14,CAMP3,5971,226,834,1244
2025-04-14,CAMP4,9078,349,1702,4394
2025-04-15,CAMP1,8844,988,1756,7565
2025-04-15,CAMP2,9948,581,2187,8649
2025-04-15,CAMP3,3955,61,2512,7066
2025-04-15,CAMP4,9563,134,3713,9988
2025-04-16,CAMP1,5625,526,3779,9061
2025-04-16,CAMP2,7009,1043,985,4536
2025-04-16,CAMP3,8387,534,1329,4441
2025-04-16,CAMP4,5958,256,1593,5927
2025-04-17,CAMP1,9895,932,1739,3787
2025-04-17,CAMP2,3001,106,3684,2988
2025-04-17,CAMP3,7648,341,2651,6157
2025-04-17,CAMP4,3013,247,2808,9776
2025-04-18,CAMP1,6814,224,3738,7119
2025-04-18,CAMP2,3027,139,2052,1109
2025-04-18,CAMP3,8568,1013,1100,1723
2025-04-18,CAMP4,9430,405,1429,1806
2025-04-19,CAMP1,4993,363,3691,15612
2025-04-19,CAMP2,4280,312,2599,8517
2025-04-19,CAMP3,9656,437,3733,4682
2025-04-19,CAMP4,6192,586,3534,12323
2025-04-20,CAMP1,5212,622,2455,10128
2025-04-20,CAMP2,5203,681,2725,3886
2025-04-20,CAMP3,3956,58,3181,2407
2025-04-20,CAMP4,9654,408,1081,731
2025-04-21,CAMP1,9262,383,3332,15668
2025-04-21,CAMP2,9980,244,3538,2430
2025-04-21,CAMP3,7585,497,3089,14960
2025-04-21,CAMP4,3125,447,2008,6245
2025-04-22,CAMP1,9638,800,1718,6014
2025-04-22,CAMP2,6923,191,2461,4640
2025-04-22,CAMP3,8455,1197,1691,5969
2025-04-22,CAMP4,5033,183,1814,6397
2025-04-23,CAMP1,8477,1115,885,1459
2025-04-23,CAMP2,9454,1389,3274,11703
2025-04-23,CAMP3,9257,408,1102,3380
2025-04-23,CAMP4,7683,198,1144,4121
2025-04-24,CAMP1,9944,935,2110,7311
2025-04-24,CAMP2,6124,633,3208,3142
2025-04-24,CAMP3,6291,203,1503,1077
2025-04-24,CAMP4,8704,1142,1912,8447
2025-04-25,CAMP1,5632,127,1288,1276
2025-04-25,CAMP2,6681,444,1293,6032
2025-04-25,CAMP3,7114,875,3244,13268
2025-04-25,CAMP4,3850,506,2167,3978
2025-04-26,CAMP1,3454,37,3936,8458
2025-04-26,CAMP2,7806,693,3675,10908
2025-04-26,CAMP3,4440,192,3138,4778
2025-04-26,CAMP4,9105,839,3815,13379
2025-04-27,CAMP1,5889,684,1826,5369
2025-04-27,CAMP2,9471,782,3301,15231
2025-04-27,CAMP3,4177,105,1956,4488
2025-04-27,CAMP4,6364,282,2563,8292
2025-04-28,CAMP1,3943,342,3345,12442
2025-04-28,CAMP2,9570,120,1206,2941
2025-04-28,CAMP3,7431,747,1947,9337
2025-04-28,CAMP4,8923,1247,1123,5283
2025-04-29,CAMP1,7565,281,2157,5794
2025-04-29,CAMP2,3372,168,2492,10251
2025-04-29,CAMP3,9434,861,905,2938
2025-04-29,CAMP4,4681,308,3436,8112
2025-04-30,CAMP1,6416,533,2086,7436
2025-04-30,CAMP2,8158,681,3806,3733
2025-04-30,CAMP3,3444,158,835,2012
2025-04-30,CAMP4,6957,854,2208,4815
2025-05-01,CAMP1,4708,464,3738,1912
2025-05-01,CAMP2,4300,575,3897,5667
2025-05-01,CAMP3,3009,103,2456,10510
2025-05-01,CAMP4,5631,663,1872,2931
2025-05-02,CAMP1,4316,225,3511,14752
2025-05-02,CAMP2,6273,773,1714,5668
2025-05-02,CAMP3,6040,418,1380,1733
2025-05-02,CAMP4,3482,458,1472,2171
2025-05-03,CAMP1,3661,48,3266,10555
2025-05-03,CAMP2,4546,193,3437,11493
2025-05-03,CAMP3,3440,273,1569,2722
2025-05-03,CAMP4,7358,789,2377,5768
2025-05-04,CAMP1,7008,749,1798,3658
2025-05-04,CAMP2,5349,131,2041,4117
2025-05-04,CAMP3,9431,456,1805,3054
2025-05-04,CAMP4,8860,1197,2722,6275
2025-05-05,CAMP1,8472,353,3272,10723
2025-05-05,CAMP2,4804,397,1755,7198
2025-05-05,CAMP3,6610,658,3623,16159
2025-05-05,CAMP4,4585,482,3228,8250
2025-05-06,CAMP1,3341,346,3574,7874
2025-05-06,CAMP2,5661,498,3201,8029
2025-05-06,CAMP3,7211,132,2265,10893
2025-05-06,CAMP4,4868,481,1816,2301
2025-05-07,CAMP1,5665,133,1432,6011
2025-05-07,CAMP2,6083,356,2731,13424
2025-05-07,CAMP3,5562,777,1036,1076
2025-05-07,CAMP4,9770,306,2340,8932
2025-05-08,CAMP1,8367,716,1085,3086
2025-05-08,CAMP2,7037,323,1255,4892
2025-05-08,CAMP3,8280,788,3307,13291
2025-05-08,CAMP4,5785,108,1280,1949
2025-05-09,CAMP1,9892,597,1140,2346
2025-05-09,CAMP2,9904,866,2666,11233
2025-05-09,CAMP3,4725,343,1110,1363
2025-05-09,CAMP4,3405,270,1141,3479
2025-05-10,CAMP1,3243,127,1360,1392
2025-05-10,CAMP2,3593,351,2493,9339
2025-05-10,CAMP3,6138,740,1747,7309
2025-05-10,CAMP4,7494,497,3425,4082
2025-05-11,CAMP1,5978,349,2611,8038
2025-05-11,CAMP2,7361,921,1592,4230
2025-05-11,CAMP3,8408,1170,2605,2934
2025-05-11,CAMP4,9479,1109,3228,6226
2025-05-12,CAMP1,5530,363,1848,6465
2025-05-12,CAMP2,5529,108,3841,10668
2025-05-12,CAMP3,8699,184,3883,18817
2025-05-12,CAMP4,6679,622,1342,3727
2025-05-13,CAMP1,8777,429,3294,11145
2025-05-13,CAMP2,4884,60,1883,4032
2025-05-13,CAMP3,9430,175,2753,7072
2025-05-13,CAMP4,7737,602,1489,1131
2025-05-14,CAMP1,8175,422,1782,2808
2025-05-14,CAMP2,8218,168,1979,3690
2025-05-14,CAMP3,3882,135,1199,935
2025-05-14,CAMP4,8891,1329,3632,5618
2025-05-15,CAMP1,4403,232,1619,5586
2025-05-15,CAMP2,7517,523,3934,15989
2025-05-15,CAMP3,8693,882,3330,7175
2025-05-15,CAMP4,5139,397,3302,12551
2025-05-16,CAMP1,5645,818,2006,4759
2025-05-16,CAMP2,9548,121,3508,13755
2025-05-16,CAMP3,9007,765,2912,5695
2025-05-16,CAMP4,5009,219,3185,2518
2025-05-17,CAMP1,3671,287,3842,6517
2025-05-17,CAMP2,5442,400,3155,5354
2025-05-17,CAMP3,7724,605,2531,11113
2025-05-17,CAMP4,7719,874,1543,6400
2025-05-18,CAMP1,6804,443,3401,13714
2025-05-18,CAMP2,5444,155,3039,12280
2025-05-18,CAMP3,3392,481,1371,1156
2025-05-18,CAMP4,4120,526,3079,7933
2025-05-19,CAMP1,3714,294,1575,7131
2025-05-19,CAMP2,5247,219,3803,9613
2025-05-19,CAMP3,9610,238,3787,10622
2025-05-19,CAMP4,5148,85,886,3298
2025-05-20,CAMP1,6506,129,3511,2317
2025-05-20,CAMP2,3147,356,2750,5044
2025-05-20,CAMP3,4674,681,2034,7070
2025-05-20,CAMP4,9683,577,3289,3100
2025-05-21,CAMP1,9493,1198,3367,5699
2025-05-21,CAMP2,4573,98,3215,15610
2025-05-21,CAMP3,4246,507,1159,3837
2025-05-21,CAMP4,6009,621,1762,1843
2025-05-22,CAMP1,9979,1181,3016,14534
2025-05-22,CAMP2,7214,114,1169,2279
2025-05-22,CAMP3,6747,344,2311,2340
2025-05-22,CAMP4,3780,346,3198,9093
2025-05-23,CAMP1,6359,648,1322,921
2025-05-23,CAMP2,5320,744,3030,2810
2025-05-23,CAMP3,7583,534,2971,6681
2025-05-23,CAMP4,6697,951,3261,15253
2025-05-24,CAMP1,6243,235,1485,827
2025-05-24,CAMP2,6988,349,2367,4559
2025-05-24,CAMP3,3038,390,2056,6061
2025-05-24,CAMP4,5196,601,3508,17198
2025-05-25,CAMP1,3301,369,1446,1898
2025-05-25,CAMP2,4759,165,1397,5433
2025-05-25,CAMP3,4368,616,1569,1714
2025-05-25,CAMP4,7558,172,2286,6346
2025-05-26,CAMP1,7183,416,3125,9187
2025-05-26,CAMP2,4724,538,1314,2416
2025-05-26,CAMP3,5066,158,1853,8208
2025-05-26,CAMP4,4304,501,1934,2366
2025-05-27,CAMP1,6727,831,2699,10172
2025-05-27,CAMP2,3448,168,2306,5319
2025-05-27,CAMP3,7969,813,3320,9952
2025-05-27,CAMP4,6967,864,2554,3437
2025-05-28,CAMP1,5159,617,3347,9568
2025-05-28,CAMP2,5281,615,3413,14495
2025-05-28,CAMP3,9093,348,3891,7669
2025-05-28,CAMP4,4778,610,1893,8414
2025-05-29,CAMP1,4124,113,2204,7482
2025-05-29,CAMP2,4929,660,1026,1149
2025-05-29,CAMP3,8588,88,1670,859
2025-05-29,CAMP4,5085,169,987,4020
2025-05-30,CAMP1,5320,491,3363,9401
2025-05-30,CAMP2,6586,125,1135,1718
2025-05-30,CAMP3,9643,853,3613,9717
2025-05-30,CAMP4,3593,338,859,1674
2025-05-31,CAMP1,6390,132,1205,4373
2025-05-31,CAMP2,8195,982,1797,2595
2025-05-31,CAMP3,3867,318,1231,2684
2025-05-31,CAMP4,8469,473,2006,3132
2025-06-01,CAMP1,3830,156,3610,14823
2025-06-01,CAMP2,4326,647,1819,3360
2025-06-01,CAMP3,7256,500,2083,5692
2025-06-01,CAMP4,8166,216,2533,12563
2025-06-02,CAMP1,5171,329,2984,14252
2025-06-02,CAMP2,3836,137,2396,11760
2025-06-02,CAMP3,8890,121,2685,11391
2025-06-02,CAMP4,9124,982,2700,10858
2025-06-03,CAMP1,6986,323,1721,7619
2025-06-03,CAMP2,8468,632,2803,11525
2025-06-03,CAMP3,3703,287,2425,2092
2025-06-03,CAMP4,9886,1349,3778,9315
2025-06-04,CAMP1,6384,70,3656,4442
2025-06-04,CAMP2,8947,253,2419,8360
2025-06-04,CAMP3,7643,90,2231,1688
2025-06-04,CAMP4,5461,82,1702,2742
2025-06-05,CAMP1,6291,756,1705,2939
2025-06-05,CAMP2,6253,437,1004,1713
2025-06-05,CAMP3,3840,300,2519,1786
2025-06-05,CAMP4,5297,469,3043,5837
2025-06-06,CAMP1,9106,533,3486,5457
2025-06-06,CAMP2,3671,377,1971,2120
2025-06-06,CAMP3,3943,556,2249,9502
2025-06-06,CAMP4,6959,323,2136,5820
2025-06-07,CAMP1,9164,420,2553,3472
2025-06-07,CAMP2,5352,401,2680,12761
2025-06-07,CAMP3,4931,290,1224,733
2025-06-07,CAMP4,7724,320,3337,3002
2025-06-08,CAMP1,3597,318,1392,6837
2025-06-08,CAMP2,3572,465,3801,11180
2025-06-08,CAMP3,9566,1043,1328,4326
2025-06-08,CAMP4,4517,334,3689,4596
2025-06-09,CAMP1,4537,467,1880,6599
2025-06-09,CAMP2,3097,404,1234,4231
2025-06-09,CAMP3,6157,312,2117,8740
2025-06-09,CAMP4,3610,62,2654,7265
2025-06-10,CAMP1,5079,234,1331,3928
2025-06-10,CAMP2,4091,474,3061,1777
2025-06-10,CAMP3,5791,769,2549,3128
2025-06-10,CAMP4,3781,164,3848,11624
2025-06-11,CAMP1,6867,810,1246,3720
2025-06-11,CAMP2,8879,665,2791,4942
2025-06-11,CAMP3,4577,364,1573,3419
2025-06-11,CAMP4,4814,602,2001,1841
2025-06-12,CAMP1,9852,1428,3351,4491
2025-06-12,CAMP2,3007,150,1275,4983
2025-06-12,CAMP3,3484,344,3414,11580
2025-06-12,CAMP4,9063,1228,2033,2461
2025-06-13,CAMP1,7563,666,3233,6224
2025-06-13,CAMP2,9530,579,1082,1889
2025-06-13,CAMP3,7135,577,3067,4321
2025-06-13,CAMP4,3612,406,1487,1761
2025-06-14,CAMP1,5307,646,3213,2813
2025-06-14,CAMP2,5591,147,2730,7571
2025-06-14,CAMP3,8248,564,2710,2848
2025-06-14,CAMP4,3669,362,2083,10387
2025-06-15,CAMP1,4529,316,1046,1134
2025-06-15,CAMP2,4560,104,3043,11371
2025-06-15,CAMP3,8025,315,3869,14670
2025-06-15,CAMP4,9844,562,1064,4453
2025-06-16,CAMP1,8553,218,2218,10104
2025-06-16,CAMP2,8483,630,3572,5873
2025-06-16,CAMP3,8077,1017,1275,3652
2025-06-16,CAMP4,7079,776,2041,1944
2025-06-17,CAMP1,3980,273,3393,7009
2025-06-17,CAMP2,8038,295,1898,6510
2025-06-17,CAMP3,6247,567,3120,13373
2025-06-17,CAMP4,4674,598,1730,1107
2025-06-18,CAMP1,5940,621,1889,3621
2025-06-18,CAMP2,5295,104,2758,3453
2025-06-18,CAMP3,8779,367,1767,1461
2025-06-18,CAMP4,3639,363,3363,14792
2025-06-19,CAMP1,8934,471,1332,864
2025-06-19,CAMP2,6700,449,2819,12461
2025-06-19,CAMP3,7646,940,2587,9034
2025-06-19,CAMP4,5257,531,1445,5083
2025-06-20,CAMP1,5454,183,2177,5468
2025-06-20,CAMP2,5597,233,1300,3847
2025-06-20,CAMP3,6618,448,2846,2840
2025-06-20,CAMP4,3595,45,1223,4683
2025-06-21,CAMP1,7249,1053,1461,6373
2025-06-21,CAMP2,7178,1049,3746,14582
2025-06-21,CAMP3,5331,66,3934,11866
2025-06-21,CAMP4,8755,1104,2331,7827
2025-06-22,CAMP1,7493,304,2260,6628
2025-06-22,CAMP2,5512,241,3167,9666
2025-06-22,CAMP3,9963,519,2026,1689
2025-06-22,CAMP4,6048,314,3069,9804
2025-06-23,CAMP1,3067,407,3361,11780
2025-06-23,CAMP2,8717,1176,3998,13264
2025-06-23,CAMP3,5524,703,3279,2151
2025-06-23,CAMP4,8154,387,1293,5625
2025-06-24,CAMP1,8886,908,2127,9020
2025-06-24,CAMP2,4986,390,3860,3560
2025-06-24,CAMP3,6516,94,1858,7862
2025-06-24,CAMP4,3727,536,1831,5178
2025-06-25,CAMP1,4447,241,3021,12031
2025-06-25,CAMP2,4896,282,1619,4039
2025-06-25,CAMP3,9375,1338,2373,7504
2025-06-25,CAMP4,6740,670,2646,7423
2025-06-26,CAMP1,9683,414,2923,7876
2025-06-26,CAMP2,5901,276,2807,8990
2025-06-26,CAMP3,5998,886,1910,4452
2025-06-26,CAMP4,5261,239,2736,1857
2025-06-27,CAMP1,7357,120,2290,3997
2025-06-27,CAMP2,7536,424,3600,11884
2025-06-27,CAMP3,3141,299,3596,9472
2025-06-27,CAMP4,8808,725,1797,7805
2025-06-28,CAMP1,7976,324,1354,5819
2025-06-28,CAMP2,7697,575,2768,4105
2025-06-28,CAMP3,9761,498,3229,5651
2025-06-28,CAMP4,8463,187,1352,5653
2025-06-29,CAMP1,4812,280,982,4354
2025-06-29,CAMP2,7492,783,2317,11510
2025-06-29,CAMP3,4356,610,800,1803
2025-06-29,CAMP4,3018,203,1255,4416
2025-06-30,CAMP1,4132,392,2752,11577
2025-06-30,CAMP2,9246,1327,1319,5781
2025-06-30,CAMP3,3173,54,3852,16306
2025-06-30,CAMP4,6760,639,3697,6118
2025-07-01,CAMP1,8443,538,3486,12138
2025-07-01,CAMP2,9628,259,3259,9689
2025-07-01,CAMP3,8232,164,3502,13567
2025-07-01,CAMP4,8889,920,904,3081
2025-07-02,CAMP1,4842,450,2089,5764
2025-07-02,CAMP2,7658,1055,2363,3008
2025-07-02,CAMP3,5501,147,2428,1939
2025-07-02,CAMP4,9031,1343,3105,1716
2025-07-03,CAMP1,7093,599,3082,8281
2025-07-03,CAMP2,4998,80,2036,8421
2025-07-03,CAMP3,4150,240,2231,7664
2025-07-03,CAMP4,4819,309,1930,4698
2025-07-04,CAMP1,5658,118,2920,5484
2025-07-04,CAMP2,6705,621,2689,5993
2025-07-04,CAMP3,5242,681,3694,14469
2025-07-04,CAMP4,5070,277,3407,1892
2025-07-05,CAMP1,4141,450,2743,5994
2025-07-05,CAMP2,9583,318,806,920
2025-07-05,CAMP3,4591,535,3406,4070
2025-07-05,CAMP4,6273,629,2811,1490
2025-07-06,CAMP1,6054,121,925,2943
2025-07-06,CAMP2,5928,621,3172,9166
2025-07-06,CAMP3,6759,273,1632,1589
2025-07-06,CAMP4,8744,259,3684,5629
2025-07-07,CAMP1,6415,518,2922,3246
2025-07-07,CAMP2,4178,163,1162,2609
2025-07-07,CAMP3,4257,278,3109,12134
2025-07-07,CAMP4,3910,306,3332,14193
2025-07-08,CAMP1,8668,1246,3906,17568
2025-07-08,CAMP2,8827,1317,3048,15020
2025-07-08,CAMP3,7172,681,3485,7850
2025-07-08,CAMP4,5156,752,2101,6169
2025-07-09,CAMP1,6236,479,2732,8025
2025-07-09,CAMP2,7916,1003,1746,3671
2025-07-09,CAMP3,4377,202,1561,1185
2025-07-09,CAMP4,5989,627,2356,11423
2025-07-10,CAMP1,3358,289,2427,7580
2025-07-10,CAMP2,9626,299,3713,10025
2025-07-10,CAMP3,9578,1144,3970,17711
2025-07-10,CAMP4,5151,286,3609,9298
2025-07-11,CAMP1,3998,261,2107,9137
2025-07-11,CAMP2,5660,486,2846,13769
2025-07-11,CAMP3,4140,388,2645,7671
2025-07-11,CAMP4,6211,95,3242,9635
2025-07-12,CAMP1,3976,418,2760,12273
2025-07-12,CAMP2,8701,268,2994,8407
2025-07-12,CAMP3,5667,440,1663,4512
2025-07-12,CAMP4,7790,487,3973,11327
2025-07-13,CAMP1,8335,598,2746,7690
2025-07-13,CAMP2,5808,352,2514,11375
2025-07-13,CAMP3,6802,456,2770,8890
2025-07-13,CAMP4,6822,615,1164,3077
2025-07-14,CAMP1,5558,140,915,470
2025-07-14,CAMP2,5384,692,1639,1280
2025-07-14,CAMP3,8442,614,1836,8944
2025-07-14,CAMP4,4724,659,3567,14024
2025-07-15,CAMP1,7117,756,1482,6556
2025-07-15,CAMP2,5953,171,925,3145
2025-07-15,CAMP3,4227,518,1495,4303
2025-07-15,CAMP4,6234,933,3111,15480
2025-07-16,CAMP1,6559,336,3494,2441
2025-07-16,CAMP2,6363,806,2848,2308
2025-07-16,CAMP3,7236,835,3035,10511
2025-07-16,CAMP4,6198,829,1346,4389
2025-07-17,CAMP1,6175,406,1601,1359
2025-07-17,CAMP2,3413,45,1898,3928
2025-07-17,CAMP3,3909,481,2815,2323
2025-07-17,CAMP4,6644,160,1157,2138
2025-07-18,CAMP1,8776,702,3169,2624
2025-07-18,CAMP2,8132,840,2750,4250
2025-07-18,CAMP3,5342,353,2038,9540
2025-07-18,CAMP4,6965,329,3580,11186
2025-07-19,CAMP1,6878,286,2493,12229
2025-07-19,CAMP2,4556,182,2104,2215
2025-07-19,CAMP3,5384,596,3391,8552
2025-07-19,CAMP4,8575,751,1459,5211
2025-07-20,CAMP1,9555,409,852,3508
2025-07-20,CAMP2,8141,723,3107,3551
2025-07-20,CAMP3,8590,952,1835,5018
2025-07-20,CAMP4,7045,940,1153,4321
2025-07-21,CAMP1,8835,586,2264,1133
2025-07-21,CAMP2,4884,80,3967,12578
2025-07-21,CAMP3,9352,175,1617,4206
2025-07-21,CAMP4,5437,242,1688,1472
2025-07-22,CAMP1,3667,88,3424,3713
2025-07-22,CAMP2,7232,925,1227,3770
2025-07-22,CAMP3,3818,270,3024,6646
2025-07-22,CAMP4,9091,950,3248,11665
2025-07-23,CAMP1,9361,833,2810,12080
2025-07-23,CAMP2,8001,235,1034,3617
2025-07-23,CAMP3,3928,192,1322,6317
2025-07-23,CAMP4,7526,1069,2536,2470
2025-07-24,CAMP1,8842,885,3657,3553
2025-07-24,CAMP2,8621,1241,3387,14889
2025-07-24,CAMP3,4378,324,2481,8323
2025-07-24,CAMP4,3226,199,1691,7381
2025-07-25,CAMP1,8132,555,1196,2835
2025-07-25,CAMP2,7744,790,2282,8642
2025-07-25,CAMP3,5005,201,3468,13501
2025-07-25,CAMP4,4772,245,2551,11960
2025-07-26,CAMP1,8923,1011,1851,9043
2025-07-26,CAMP2,3939,257,3335,8693
2025-07-26,CAMP3,8184,1101,1034,2228
2025-07-26,CAMP4,5096,130,2473,7288
2025-07-27,CAMP1,5100,542,3973,8017
2025-07-27,CAMP2,5005,547,1197,2826
2025-07-27,CAMP3,3386,225,2864,13109
2025-07-27,CAMP4,7979,90,970,4315
2025-07-28,CAMP1,4401,363,3077,12093
2025-07-28,CAMP2,7214,853,3312,9425
2025-07-28,CAMP3,5745,746,2505,9934
2025-07-28,CAMP4,5792,155,2559,4657
2025-07-29,CAMP1,3032,344,3366,6955
2025-07-29,CAMP2,6709,603,1519,2808
2025-07-29,CAMP3,7579,657,3470,12284
2025-07-29,CAMP4,5207,707,1024,3305
2025-07-30,CAMP1,6575,487,1882,3506
2025-07-30,CAMP2,3194,349,3004,4835
2025-07-30,CAMP3,9555,728,1947,5124
2025-07-30,CAMP4,4241,388,1927,9138
2025-07-31,CAMP1,6716,566,1779,5248
2025-07-31,CAMP2,6871,141,1032,1467
2025-07-31,CAMP3,8209,307,3209,14544
2025-07-31,CAMP4,8513,460,3114,15312
2025-08-01,CAMP1,9599,950,1806,2234
2025-08-01,CAMP2,4994,231,1872,8916
2025-08-01,CAMP3,6173,312,2523,7378
2025-08-01,CAMP4,3158,344,3641,4233
2025-08-02,CAMP1,5052,402,3208,8066
2025-08-02,CAMP2,8685,592,3269,9426
2025-08-02,CAMP3,9158,545,1945,6920
2025-08-02,CAMP4,5500,533,3445,13517
2025-08-03,CAMP1,9857,347,2557,7732
2025-08-03,CAMP2,8637,625,1292,936
2025-08-03,CAMP3,6232,181,3178,12931
2025-08-03,CAMP4,4546,294,2405,2380
2025-08-04,CAMP1,7675,1099,3407,7938
2025-08-04,CAMP2,5493,492,1962,5033
2025-08-04,CAMP3,9417,876,3158,4619
2025-08-04,CAMP4,5001,736,2083,8815
2025-08-05,CAMP1,3796,520,2096,10103
2025-08-05,CAMP2,3244,465,1729,6756
2025-08-05,CAMP3,6212,805,3325,12410
2025-08-05,CAMP4,7590,322,1862,7477
2025-08-06,CAMP1,6667,594,2677,11640
2025-08-06,CAMP2,6115,71,2921,11771
2025-08-06,CAMP3,6583,574,3018,2134
2025-08-06,CAMP4,5217,287,3169,8924
2025-08-07,CAMP1,3943,92,3460,5557
2025-08-07,CAMP2,7444,575,2476,1242
2025-08-07,CAMP3,5787,291,1466,7032
2025-08-07,CAMP4,5176,84,3452,9206
2025-08-08,CAMP1,6906,448,1428,923
2025-08-08,CAMP2,6696,483,3565,11761
2025-08-08,CAMP3,7780,351,2803,8639
2025-08-08,CAMP4,4105,418,2961,13502
2025-08-09,CAMP1,3153,436,2089,8939
2025-08-09,CAMP2,4064,62,2713,13031
2025-08-09,CAMP3,5401,567,2760,13184
2025-08-09,CAMP4,7804,863,3671,11418
2025-08-10,CAMP1,9242,514,3250,3728
2025-08-10,CAMP2,9342,1262,3174,13668
2025-08-10,CAMP3,7500,876,3638,9617
2025-08-10,CAMP4,4422,381,3980,12577
2025-08-11,CAMP1,9696,498,911,3960
2025-08-11,CAMP2,5971,591,1274,1032
2025-08-11,CAMP3,3270,435,2720,6371
2025-08-11,CAMP4,6354,807,3036,11446
2025-08-12,CAMP1,9108,1074,3875,4580
2025-08-12,CAMP2,5480,468,3475,8387
2025-08-12,CAMP3,3580,232,980,3866
2025-08-12,CAMP4,3824,354,1499,4274
2025-08-13,CAMP1,4380,487,3527,5352
2025-08-13,CAMP2,9053,103,1011,1553
2025-08-13,CAMP3,8810,152,2787,13519
2025-08-13,CAMP4,6109,686,1219,4679
2025-08-14,CAMP1,4988,579,2649,4935
2025-08-14,CAMP2,5749,715,1935,8079
2025-08-14,CAMP3,3205,88,1295,5903
2025-08-14,CAMP4,9005,601,3351,13173
2025-08-15,CAMP1,3309,306,3600,7967
2025-08-15,CAMP2,7086,611,2879,3607
2025-08-15,CAMP3,9910,817,1776,8498
2025-08-15,CAMP4,7105,550,3632,11647
2025-08-16,CAMP1,9579,943,2458,9624
2025-08-16,CAMP2,5800,475,2552,3252
2025-08-16,CAMP3,4104,577,1911,2323
2025-08-16,CAMP4,6854,753,2714,11170
2025-08-17,CAMP1,4006,429,966,4180
2025-08-17,CAMP2,9456,457,1562,1145
2025-08-17,CAMP3,5120,298,1061,3706
2025-08-17,CAMP4,5292,687,1360,5129
2025-08-18,CAMP1,3174,225,991,2708
2025-08-18,CAMP2,4497,147,2367,5308
2025-08-18,CAMP3,9033,110,842,3599
2025-08-18,CAMP4,5535,673,2624,12768
2025-08-19,CAMP1,7796,184,3575,13127
2025-08-19,CAMP2,6922,753,1792,8694
2025-08-19,CAMP3,5386,377,2276,8496
2025-08-19,CAMP4,3389,90,2655,9862
2025-08-20,CAMP1,3658,239,1690,7532
2025-08-20,CAMP2,6731,705,3275,5912
2025-08-20,CAMP3,6093,634,1639,2666
2025-08-20,CAMP4,3374,303,3862,17677
2025-08-21,CAMP1,8329,371,3995,5357
2025-08-21,CAMP2,8131,408,3178,4326
2025-08-21,CAMP3,3139,304,3968,9671
2025-08-21,CAMP4,9043,602,2965,4779
2025-08-22,CAMP1,6104,305,818,2903
2025-08-22,CAMP2,4473,173,1251,6153
2025-08-22,CAMP3,8203,853,1014,1415
2025-08-22,CAMP4,6474,776,1559,7727
2025-08-23,CAMP1,8911,433,3561,16438
2025-08-23,CAMP2,4415,85,2492,12203
2025-08-23,CAMP3,5369,783,2148,10536
2025-08-23,CAMP4,7776,881,2291,5503
2025-08-24,CAMP1,6802,562,3866,12466
2025-08-24,CAMP2,9241,717,1007,3361
2025-08-24,CAMP3,5633,600,953,3065
2025-08-24,CAMP4,6366,217,2318,11083
2025-08-25,CAMP1,5600,128,3979,10190
2025-08-25,CAMP2,6554,660,2237,7577
2025-08-25,CAMP3,8253,372,872,3208
2025-08-25,CAMP4,7655,701,2266,3897
2025-08-26,CAMP1,5555,57,1888,1938
2025-08-26,CAMP2,9104,288,3950,5762
2025-08-26,CAMP3,5994,800,3738,14859
2025-08-26,CAMP4,5915,639,824,599
2025-08-27,CAMP1,8568,104,1891,8912
2025-08-27,CAMP2,3082,443,3944,16876
2025-08-27,CAMP3,7713,875,3109,15223
2025-08-27,CAMP4,5704,454,2618,6417
2025-08-28,CAMP1,6490,873,2164,9987
2025-08-28,CAMP2,7462,344,3226,12115
2025-08-28,CAMP3,5962,551,842,2837
2025-08-28,CAMP4,5217,564,2316,2110
2025-08-29,CAMP1,3368,419,1934,7396
2025-08-29,CAMP2,8166,115,3584,5249
2025-08-29,CAMP3,7164,149,1601,1250
2025-08-29,CAMP4,3060,212,2137,6810
2025-08-30,CAMP1,4551,97,2127,4251
2025-08-30,CAMP2,4361,535,1074,2922
2025-08-30,CAMP3,5366,462,3234,10593
2025-08-30,CAMP4,9976,453,1402,3990
2025-08-31,CAMP1,3690,435,3568,16567
2025-08-31,CAMP2,7485,912,1094,1870
2025-08-31,CAMP3,5843,807,3396,11882
2025-08-31,CAMP4,7663,921,3617,12066
2025-09-01,CAMP1,7458,740,1541,3735
2025-09-01,CAMP2,5467,464,2442,11509
2025-09-01,CAMP3,9235,634,862,1565
2025-09-01,CAMP4,8258,774,2028,3761
2025-09-02,CAMP1,7351,493,1674,4536
2025-09-02,CAMP2,6278,309,3874,9078
2025-09-02,CAMP3,8873,596,2437,2967
2025-09-02,CAMP4,8103,666,2832,3781
2025-09-03,CAMP1,5068,580,3810,15863
2025-09-03,CAMP2,8715,631,1763,3175
2025-09-03,CAMP3,3195,445,3130,8818
2025-09-03,CAMP4,6606,301,860,1799
2025-09-04,CAMP1,9195,1215,2572,4848
2025-09-04,CAMP2,5591,689,2371,7930
2025-09-04,CAMP3,4200,339,3654,5638
2025-09-04,CAMP4,4236,578,1829,5469
2025-09-05,CAMP1,5594,329,3272,14281
2025-09-05,CAMP2,3086,392,3318,8554
2025-09-05,CAMP3,9557,683,3573,6544
2025-09-05,CAMP4,6310,658,3500,13120
2025-09-06,CAMP1,7590,595,1868,2323
2025-09-06,CAMP2,6687,874,1284,4873
2025-09-06,CAMP3,6089,313,1557,1363
2025-09-06,CAMP4,3720,252,3263,14712
2025-09-07,CAMP1,7729,460,3867,12063
2025-09-07,CAMP2,7769,642,3882,6227
2025-09-07,CAMP3,5294,233,3998,6212
2025-09-07,CAMP4,6982,802,2487,8140
2025-09-08,CAMP1,8628,587,3805,16824
2025-09-08,CAMP2,5242,563,3022,11759
2025-09-08,CAMP3,4948,395,2322,6873
2025-09-08,CAMP4,4920,484,1038,1058
2025-09-09,CAMP1,8552,679,3772,9339
2025-09-09,CAMP2,7951,849,870,882
2025-09-09,CAMP3,7400,777,2137,5951
2025-09-09,CAMP4,3820,453,1328,5787
2025-09-10,CAMP1,3250,248,3388,11274
2025-09-10,CAMP2,5463,601,1967,1071
2025-09-10,CAMP3,9811,1055,2647,11282
2025-09-10,CAMP4,3504,463,3272,8778
2025-09-11,CAMP1,5994,299,2022,5117
2025-09-11,CAMP2,7434,928,1228,3290
2025-09-11,CAMP3,7234,149,1341,4579
2025-09-11,CAMP4,9801,1335,3407,4891
2025-09-12,CAMP1,6719,892,3563,4695
2025-09-12,CAMP2,8991,1308,1531,4524
2025-09-12,CAMP3,6120,124,3681,10344
2025-09-12,CAMP4,5382,228,1020,3076
2025-09-13,CAMP1,6804,493,802,1666
2025-09-13,CAMP2,8951,851,3798,8215
2025-09-13,CAMP3,8626,532,3690,12749
2025-09-13,CAMP4,5666,793,1697,5901
2025-09-14,CAMP1,9704,604,1470,6056
2025-09-14,CAMP2,9460,231,1871,1495
2025-09-14,CAMP3,8255,574,3161,12703
2025-09-14,CAMP4,4853,594,3332,4773
2025-09-15,CAMP1,3043,346,1382,4810
2025-09-15,CAMP2,5942,800,3772,4579
2025-09-15,CAMP3,6471,752,3746,9174
2025-09-15,CAMP4,7953,1069,2580,8632
2025-09-16,CAMP1,5891,449,3114,5353
2025-09-16,CAMP2,6591,608,2648,4201
2025-09-16,CAMP3,3954,516,3581,16419
2025-09-16,CAMP4,5347,611,2159,1827
2025-09-17,CAMP1,5561,159,1170,4911
2025-09-17,CAMP2,7753,1117,2192,3778
2025-09-17,CAMP3,6877,582,994,4697
2025-09-17,CAMP4,6293,261,3837,6572
2025-09-18,CAMP1,7251,542,1722,5474
2025-09-18,CAMP2,8705,893,1774,7446
2025-09-18,CAMP3,4814,710,2807,2519
2025-09-18,CAMP4,6940,795,960,2347
2025-09-19,CAMP1,3768,282,3381,2202
2025-09-19,CAMP2,7500,1007,2414,7261
2025-09-19,CAMP3,6191,805,3749,9111
2025-09-19,CAMP4,3365,452,1254,6248
2025-09-20,CAMP1,7325,169,3178,13211
2025-09-20,CAMP2,7988,155,3535,14917
2025-09-20,CAMP3,4675,260,3646,14970
2025-09-20,CAMP4,9716,1264,1164,3021
2025-09-21,CAMP1,7446,116,3100,5987
2025-09-21,CAMP2,5850,76,3764,15156
2025-09-21,CAMP3,9090,108,1307,4502
2025-09-21,CAMP4,5850,71,3309,15303
2025-09-22,CAMP1,6504,759,2751,3017
2025-09-22,CAMP2,6839,661,1314,4350
2025-09-22,CAMP3,6196,571,3384,2747
2025-09-22,CAMP4,8660,1004,3530,12505
2025-09-23,CAMP1,3572,230,2099,6428
2025-09-23,CAMP2,5902,825,2445,5309
2025-09-23,CAMP3,5587,468,2138,5583
2025-09-23,CAMP4,8780,1293,2723,11912
2025-09-24,CAMP1,5217,574,2744,7595
2025-09-24,CAMP2,7383,543,3761,8014
2025-09-24,CAMP3,9837,612,3318,15470
2025-09-24,CAMP4,3939,315,2248,7641
2025-09-25,CAMP1,5904,595,3305,9902
2025-09-25,CAMP2,7928,785,3040,3973
2025-09-25,CAMP3,7501,553,3790,9619
2025-09-25,CAMP4,5477,184,1233,4939
2025-09-26,CAMP1,3374,114,1006,4297
2025-09-26,CAMP2,4141,438,3013,8772
2025-09-26,CAMP3,6255,897,812,967
2025-09-26,CAMP4,3804,482,2657,12344
2025-09-27,CAMP1,4610,428,2759,8755
2025-09-27,CAMP2,9803,141,1095,1684
2025-09-27,CAMP3,7735,744,3286,14698
2025-09-27,CAMP4,7925,741,1775,7780
2025-09-28,CAMP1,4262,450,3002,11462
2025-09-28,CAMP2,9231,1235,1896,9456
2025-09-28,CAMP3,5259,211,1264,4173
2025-09-28,CAMP4,9774,944,2030,8755
2025-09-29,CAMP1,6805,189,3227,2586
2025-09-29,CAMP2,8750,572,3935,17760
2025-09-29,CAMP3,3924,85,2346,9506
2025-09-29,CAMP4,4094,161,2625,6922
2025-09-30,CAMP1,7145,340,1705,1426
2025-09-30,CAMP2,7878,241,2840,13787
2025-09-30,CAMP3,8415,94,2742,11221
2025-09-30,CAMP4,3109,305,1916,2962
2025-10-01,CAMP1,4083,513,3920,8199
2025-10-01,CAMP2,4036,75,2948,3730
2025-10-01,CAMP3,6587,201,2783,2349
2025-10-01,CAMP4,4879,154,3637,9748
2025-10-02,CAMP1,7106,631,2943,3537
2025-10-02,CAMP2,9335,852,2247,4193
2025-10-02,CAMP3,4943,481,3983,5114
2025-10-02,CAMP4,8462,182,3582,6730
2025-10-03,CAMP1,7920,872,3028,7217
2025-10-03,CAMP2,3776,138,1912,5897
2025-10-03,CAMP3,6442,958,2222,3103
2025-10-03,CAMP4,9094,775,1478,4480
2025-10-04,CAMP1,6103,821,3507,2003
2025-10-04,CAMP2,8201,622,3048,8280
2025-10-04,CAMP3,6109,777,2150,2207
2025-10-04,CAMP4,7143,478,2262,8241
2025-10-05,CAMP1,3186,371,3677,16784
2025-10-05,CAMP2,5924,848,2052,5736
2025-10-05,CAMP3,8708,793,2681,11831
2025-10-05,CAMP4,7405,312,2374,11147
2025-10-06,CAMP1,5892,604,3333,3641
2025-10-06,CAMP2,9263,332,2557,11108
2025-10-06,CAMP3,4666,166,3585,16363
2025-10-06,CAMP4,9751,1363,3559,10728
2025-10-07,CAMP1,8949,268,2029,3322
2025-10-07,CAMP2,5953,365,1498,3023
2025-10-07,CAMP3,3826,490,2078,4196
2025-10-07,CAMP4,3307,344,2760,4517
2025-10-08,CAMP1,7820,1035,1182,1991
2025-10-08,CAMP2,7620,741,3785,15392
2025-10-08,CAMP3,3275,205,1136,1345
2025-10-08,CAMP4,7576,663,2796,2577
2025-10-09,CAMP1,6129,264,2554,1737
2025-10-09,CAMP2,6757,644,1114,1750
2025-10-09,CAMP3,5746,532,2320,9225
2025-10-09,CAMP4,4724,149,3873,15189
2025-10-10,CAMP1,3912,424,812,3217
2025-10-10,CAMP2,4756,519,3628,12824
2025-10-10,CAMP3,9749,376,2390,8149
2025-10-10,CAMP4,8586,825,2024,5277
2025-10-11,CAMP1,6435,515,3318,11010
2025-10-11,CAMP2,7512,972,3496,14949
2025-10-11,CAMP3,6072,737,2666,6720
2025-10-11,CAMP4,4288,244,2987,11233
2025-10-12,CAMP1,8112,771,871,4050
2025-10-12,CAMP2,8387,529,3913,8860
2025-10-12,CAMP3,7234,648,3710,14756
2025-10-12,CAMP4,5463,480,2548,7761
2025-10-13,CAMP1,6478,905,1141,910
2025-10-13,CAMP2,3492,439,1621,1449
2025-10-13,CAMP3,4968,212,2986,5423
2025-10-13,CAMP4,6220,899,1886,1295
2025-10-14,CAMP1,3870,182,1072,3687
2025-10-14,CAMP2,9327,507,2373,11300
2025-10-14,CAMP3,6797,331,2905,7408
2025-10-14,CAMP4,6359,547,2051,6772
2025-10-15,CAMP1,4517,547,3099,6290
2025-10-15,CAMP2,8815,634,1696,1527
2025-10-15,CAMP3,5863,743,3294,16245
2025-10-15,CAMP4,7567,470,3747,5220
2025-10-16,CAMP1,3922,89,3759,13891
2025-10-16,CAMP2,6358,197,3501,8820
2025-10-16,CAMP3,9945,363,3767,9866
2025-10-16,CAMP4,6049,826,1715,6675
2025-10-17,CAMP1,6081,211,951,3973
2025-10-17,CAMP2,4977,705,3984,2115
2025-10-17,CAMP3,7555,990,2510,5800
2025-10-17,CAMP4,5398,323,939,4311
2025-10-18,CAMP1,7182,372,3215,5537
2025-10-18,CAMP2,6672,748,948,2308
2025-10-18,CAMP3,8552,1070,2292,8726
2025-10-18,CAMP4,6552,172,2588,7033
2025-10-19,CAMP1,3249,94,1774,4350
2025-10-19,CAMP2,9932,910,3737,11062
2025-10-19,CAMP3,5672,92,2126,1208
2025-10-19,CAMP4,3090,433,1538,4690
2025-10-20,CAMP1,4686,505,2985,5882
2025-10-20,CAMP2,4008,86,1002,4112
2025-10-20,CAMP3,5052,120,2516,6511
2025-10-20,CAMP4,9199,210,1669,2446
2025-10-21,CAMP1,3584,485,2337,8938
2025-10-21,CAMP2,8819,849,2602,7533
2025-10-21,CAMP3,7939,1049,3564,10891
2025-10-21,CAMP4,9078,804,3740,15649
2025-10-22,CAMP1,6961,842,1414,6877
2025-10-22,CAMP2,9100,396,1473,1070
2025-10-22,CAMP3,4587,63,1696,4342
2025-10-22,CAMP4,7647,1135,3232,5293
2025-10-23,CAMP1,6262,666,2249,9459
2025-10-23,CAMP2,4232,87,3458,7188
2025-10-23,CAMP3,9151,294,2608,5155
2025-10-23,CAMP4,5649,179,965,2509
2025-10-24,CAMP1,3589,494,962,1438
2025-10-24,CAMP2,4262,125,1454,6115
2025-10-24,CAMP3,3268,242,2068,2934
2025-10-24,CAMP4,4083,108,1781,1504
2025-10-25,CAMP1,3406,287,2873,13551
2025-10-25,CAMP2,3985,267,1509,5196
2025-10-25,CAMP3,7849,1145,3632,16984
2025-10-25,CAMP4,4485,87,3231,5092
2025-10-26,CAMP1,7114,841,3598,12513
2025-10-26,CAMP2,5466,326,2435,8683
2025-10-26,CAMP3,9265,1173,2695,5224
2025-10-26,CAMP4,9524,593,3210,15504
2025-10-27,CAMP1,5402,322,3673,10725
2025-10-27,CAMP2,4956,98,2574,4622
2025-10-27,CAMP3,3807,121,1531,7015
2025-10-27,CAMP4,8507,584,2107,5967
2025-10-28,CAMP1,8313,731,1557,3004
2025-10-28,CAMP2,6854,770,3048,5817
2025-10-28,CAMP3,3961,531,1675,7745
2025-10-28,CAMP4,4001,217,3823,8848
2025-10-29,CAMP1,4481,242,3729,13232
2025-10-29,CAMP2,5780,380,970,4385
2025-10-29,CAMP3,5710,722,2775,11935
2025-10-29,CAMP4,5541,138,3964,18304
2025-10-30,CAMP1,3287,232,2247,6659
2025-10-30,CAMP2,7552,401,2035,2988
2025-10-30,CAMP3,9519,147,1634,6908
2025-10-30,CAMP4,7906,1161,2211,4332
2025-10-31,CAMP1,5896,660,3263,11485
2025-10-31,CAMP2,5501,394,2016,4638
2025-10-31,CAMP3,8999,870,1772,8782
2025-10-31,CAMP4,8634,1292,2923,10136
2025-11-01,CAMP1,3224,226,3098,14633
2025-11-01,CAMP2,4814,92,924,1387
2025-11-01,CAMP3,5931,513,829,3310
2025-11-01,CAMP4,5017,170,3215,8005
2025-11-02,CAMP1,4609,625,1816,6549
2025-11-02,CAMP2,7701,185,2760,2030
2025-11-02,CAMP3,6426,606,2601,4037
2025-11-02,CAMP4,8642,1090,1484,2776
2025-11-03,CAMP1,6792,288,2399,4197
2025-11-03,CAMP2,9264,636,2901,4240
2025-11-03,CAMP3,3783,341,2353,10260
2025-11-03,CAMP4,3186,292,3109,12489
2025-11-04,CAMP1,7586,401,3151,11468
2025-11-04,CAMP2,4356,388,2581,7611
2025-11-04,CAMP3,7922,672,1390,2393
2025-11-04,CAMP4,9846,614,1374,999
2025-11-05,CAMP1,5059,341,816,1222
2025-11-05,CAMP2,3464,144,3828,3422
2025-11-05,CAMP3,3089,72,3643,2650
2025-11-05,CAMP4,7171,360,3247,6474
2025-11-06,CAMP1,4094,70,3995,15643
2025-11-06,CAMP2,9940,564,1027,3719
2025-11-06,CAMP3,8555,278,1417,2038
2025-11-06,CAMP4,9308,1083,3859,11435
2025-11-07,CAMP1,9424,448,1987,4639
2025-11-07,CAMP2,7319,769,3812,16098
2025-11-07,CAMP3,3044,174,2881,3948
2025-11-07,CAMP4,3829,561,2691,12075
2025-11-08,CAMP1,7019,376,1640,2517
2025-11-08,CAMP2,9034,910,3987,14057
2025-11-08,CAMP3,9584,285,2111,8886
2025-11-08,CAMP4,4873,79,2678,10232
2025-11-09,CAMP1,6748,144,2659,4567
2025-11-09,CAMP2,8921,126,3496,4205
2025-11-09,CAMP3,5182,136,1289,5249
2025-11-09,CAMP4,7479,872,2676,11767
2025-11-10,CAMP1,8458,1251,1087,3573
2025-11-10,CAMP2,4907,355,3041,6040
2025-11-10,CAMP3,8983,1159,3270,15385
2025-11-10,CAMP4,6178,303,1706,5122
2025-11-11,CAMP1,5051,477,1105,1813
2025-11-11,CAMP2,6792,914,2171,2990
2025-11-11,CAMP3,7654,301,3465,14073
2025-11-11,CAMP4,8737,1146,1931,1495
2025-11-12,CAMP1,7042,1035,1994,9645
2025-11-12,CAMP2,3011,94,3642,11560
2025-11-12,CAMP3,6009,704,2721,8405
2025-11-12,CAMP4,5077,319,1919,2913
2025-11-13,CAMP1,3443,489,2560,8483
2025-11-13,CAMP2,4384,444,3150,2424
2025-11-13,CAMP3,4260,404,1267,4632
2025-11-13,CAMP4,8402,947,3009,3988
2025-11-14,CAMP1,6672,934,2247,2401
2025-11-14,CAMP2,4881,58,2687,11098
2025-11-14,CAMP3,8807,122,859,3434
2025-11-14,CAMP4,8554,741,2837,5196
2025-11-15,CAMP1,4694,576,1326,5975
2025-11-15,CAMP2,5172,69,3764,3057
2025-11-15,CAMP3,5893,751,2551,5189
2025-11-15,CAMP4,8247,1078,1973,2258
2025-11-16,CAMP1,7131,1061,3893,11151
2025-11-16,CAMP2,5895,879,1239,5036
2025-11-16,CAMP3,5988,629,3141,5751
2025-11-16,CAMP4,3479,403,2223,3291
2025-11-17,CAMP1,5708,563,2285,5691
2025-11-17,CAMP2,6789,760,1711,7805
2025-11-17,CAMP3,6213,172,2623,10912
2025-11-17,CAMP4,6472,818,3342,9175
2025-11-18,CAMP1,5156,697,3702,13994
2025-11-18,CAMP2,9010,466,842,421
2025-11-18,CAMP3,8474,507,882,1029
2025-11-18,CAMP4,5237,448,1735,7850
2025-11-19,CAMP1,5338,725,1125,4674
2025-11-19,CAMP2,6861,708,1636,3679
2025-11-19,CAMP3,9215,214,3787,3540
2025-11-19,CAMP4,9054,1342,2167,5030
2025-11-20,CAMP1,9197,1216,3458,15598
2025-11-20,CAMP2,4986,616,2905,7681
2025-11-20,CAMP3,3128,207,1651,5893
2025-11-20,CAMP4,5076,544,2978,11385
2025-11-21,CAMP1,5756,523,3059,11173
2025-11-21,CAMP2,6144,753,1042,2865
2025-11-21,CAMP3,9828,1171,2732,1681
2025-11-21,CAMP4,8205,435,2958,9693
2025-11-22,CAMP1,6925,294,2835,8447
2025-11-22,CAMP2,3857,96,1849,3404
2025-11-22,CAMP3,3923,462,3287,2487
2025-11-22,CAMP4,8670,1270,2030,5987
2025-11-23,CAMP1,7045,117,1865,7814
2025-11-23,CAMP2,5853,487,2271,5214
2025-11-23,CAMP3,4907,260,2043,9276
2025-11-23,CAMP4,8351,720,2899,10975
2025-11-24,CAMP1,3375,69,3206,8328
2025-11-24,CAMP2,4944,534,2693,8090
2025-11-24,CAMP3,6634,912,845,3207
2025-11-24,CAMP4,7815,140,1400,5949
2025-11-25,CAMP1,6637,374,1059,2416
2025-11-25,CAMP2,9448,988,2457,5786
2025-11-25,CAMP3,8557,745,3276,3413
2025-11-25,CAMP4,3746,545,1337,5576
2025-11-26,CAMP1,8586,178,3629,4458
2025-11-26,CAMP2,3797,303,3810,9650
2025-11-26,CAMP3,5547,366,2926,7415
2025-11-26,CAMP4,3946,39,1306,4529
2025-11-27,CAMP1,9719,719,1305,1013
2025-11-27,CAMP2,6158,419,2672,12813
2025-11-27,CAMP3,4192,147,2264,7263
2025-11-27,CAMP4,7476,191,2810,5680
2025-11-28,CAMP1,5560,182,2011,2477
2025-11-28,CAMP2,3912,378,1301,993
2025-11-28,CAMP3,5118,477,1256,1185
2025-11-28,CAMP4,6836,311,3139,9201
2025-11-29,CAMP1,8754,918,2367,10855
2025-11-29,CAMP2,8275,426,3375,10167
2025-11-29,CAMP3,6102,569,2352,6718
2025-11-29,CAMP4,8037,930,3910,10796
2025-11-30,CAMP1,9685,205,1889,6300
2025-11-30,CAMP2,9365,565,3961,6919
2025-11-30,CAMP3,4478,470,3230,14335
2025-11-30,CAMP4,5646,313,3237,12136
2025-12-01,CAMP1,4735,578,818,2309
2025-12-01,CAMP2,5654,844,2365,8336
2025-12-01,CAMP3,5080,156,2347,11212
2025-12-01,CAMP4,3154,182,2069,1836
2025-12-02,CAMP1,4782,199,1546,1692
2025-12-02,CAMP2,3270,312,2310,5114
2025-12-02,CAMP3,3273,307,2506,6432
2025-12-02,CAMP4,3421,137,3211,2304
2025-12-03,CAMP1,9521,683,1690,5316
2025-12-03,CAMP2,7976,642,2807,8410
2025-12-03,CAMP3,6243,879,2249,9063
2025-12-03,CAMP4,6256,75,2586,12440
2025-12-04,CAMP1,6981,230,1023,1526
2025-12-04,CAMP2,4654,358,1753,2334
2025-12-04,CAMP3,9559,1199,3044,11983
2025-12-04,CAMP4,3479,442,1689,1453
2025-12-05,CAMP1,3924,46,2210,2939
2025-12-05,CAMP2,5395,238,834,608
2025-12-05,CAMP3,5670,735,3938,8752
2025-12-05,CAMP4,7086,263,974,2703
2025-12-06,CAMP1,7692,104,1959,6038
2025-12-06,CAMP2,8452,1261,2856,8597
2025-12-06,CAMP3,4016,556,1638,1143
2025-12-06,CAMP4,6496,885,2960,10079
2025-12-07,CAMP1,9144,514,2031,8712
2025-12-07,CAMP2,5999,439,1105,1397
2025-12-07,CAMP3,6536,794,2317,6565
2025-12-07,CAMP4,3419,205,3018,10889
2025-12-08,CAMP1,4450,73,1964,1787
2025-12-08,CAMP2,4819,99,2142,7533
2025-12-08,CAMP3,5226,294,2495,6744
2025-12-08,CAMP4,9375,950,3579,7190
2025-12-09,CAMP1,3813,565,2831,13603
2025-12-09,CAMP2,3903,339,2615,5018
2025-12-09,CAMP3,5653,444,947,1236
2025-12-09,CAMP4,3366,131,2838,2854
2025-12-10,CAMP1,7270,1011,1294,3191
2025-12-10,CAMP2,6182,364,1970,9783
2025-12-10,CAMP3,8428,895,1837,7784
2025-12-10,CAMP4,4451,349,1504,3524
2025-12-11,CAMP1,5934,567,2673,11085
2025-12-11,CAMP2,6803,468,1498,3257
2025-12-11,CAMP3,8659,1061,3100,4078
2025-12-11,CAMP4,9553,1286,926,2195
2025-12-12,CAMP1,5639,589,2166,6624
2025-12-12,CAMP2,9805,283,1218,2779
2025-12-12,CAMP3,6629,76,2262,10793
2025-12-12,CAMP4,7180,508,884,4386
2025-12-13,CAMP1,5112,304,1426,5007
2025-12-13,CAMP2,8014,740,2412,7650
2025-12-13,CAMP3,8974,396,2740,7186
2025-12-13,CAMP4,8014,433,3787,5474
2025-12-14,CAMP1,8422,113,1481,3892
2025-12-14,CAMP2,8551,760,3493,6942
2025-12-14,CAMP3,7340,656,3380,12869
2025-12-14,CAMP4,5159,145,3190,6149
2025-12-15,CAMP1,6829,468,827,2325
2025-12-15,CAMP2,8656,473,1096,2995
2025-12-15,CAMP3,5296,232,1701,1033
2025-12-15,CAMP4,4677,115,1570,2017
2025-12-16,CAMP1,4378,81,2354,7804
2025-12-16,CAMP2,4264,258,3191,9082
2025-12-16,CAMP3,5749,574,952,572
2025-12-16,CAMP4,7603,205,1144,2199
2025-12-17,CAMP1,3220,397,1522,4950
2025-12-17,CAMP2,8618,394,3913,5139
2025-12-17,CAMP3,5977,211,3719,5990
2025-12-17,CAMP4,3344,293,2868,6938
2025-12-18,CAMP1,8983,1135,2314,2071
2025-12-18,CAMP2,4001,472,2840,4154
2025-12-18,CAMP3,8051,96,1180,4901
2025-12-18,CAMP4,9158,588,1991,6988
2025-12-19,CAMP1,8256,421,1071,2139
2025-12-19,CAMP2,9008,1207,3094,10771
2025-12-19,CAMP3,9222,948,3372,1973
2025-12-19,CAMP4,6260,314,1831,6176
2025-12-20,CAMP1,7286,308,1320,1477
2025-12-20,CAMP2,5314,217,1987,5464
2025-12-20,CAMP3,6339,379,872,3418
2025-12-20,CAMP4,6201,652,1371,1979
2025-12-21,CAMP1,4831,591,1974,4415
2025-12-21,CAMP2,3178,426,1534,5541
2025-12-21,CAMP3,3787,246,1008,1331
2025-12-21,CAMP4,9808,1099,3718,12433
2025-12-22,CAMP1,6446,519,3545,4121
2025-12-22,CAMP2,5933,319,1124,1736
2025-12-22,CAMP3,4850,53,1693,2359
2025-12-22,CAMP4,7239,895,3171,12930
2025-12-23,CAMP1,4515,612,3030,3467
2025-12-23,CAMP2,8586,1235,3314,13407
2025-12-23,CAMP3,4167,325,1031,4284
2025-12-23,CAMP4,6793,369,3442,15281
2025-12-24,CAMP1,6774,946,1830,7974
2025-12-24,CAMP2,5593,270,1317,4749
2025-12-24,CAMP3,9358,1211,3997,7963
2025-12-24,CAMP4,8968,930,3178,8890
2025-12-25,CAMP1,6553,123,1898,8306
2025-12-25,CAMP2,9221,667,1487,2943
2025-12-25,CAMP3,4207,180,1626,6754
2025-12-25,CAMP4,4811,243,1882,7743
2025-12-26,CAMP1,4644,504,990,860
2025-12-26,CAMP2,7803,760,1186,1494
2025-12-26,CAMP3,3615,471,2848,7517
2025-12-26,CAMP4,3966,252,1946,8297
2025-12-27,CAMP1,9004,891,3422,12804
2025-12-27,CAMP2,9120,484,3056,7866
2025-12-27,CAMP3,4412,650,2850,10522
2025-12-27,CAMP4,8565,567,1246,4579
2025-12-28,CAMP1,4340,263,2608,4874
2025-12-28,CAMP2,6699,172,1873,3518
2025-12-28,CAMP3,6569,109,2405,4988
2025-12-28,CAMP4,7657,753,1186,3953
2025-12-29,CAMP1,8068,417,1783,8735
2025-12-29,CAMP2,4724,139,2707,7983
2025-12-29,CAMP3,4024,71,878,1850
2025-12-29,CAMP4,3888,132,1905,4730
2025-12-30,CAMP1,8596,125,3612,8565
2025-12-30,CAMP2,5061,746,3157,8312
2025-12-30,CAMP3,8476,871,3965,9389
2025-12-30,CAMP4,5644,380,1845,2547
2025-12-31,CAMP1,9449,952,3472,3882
2025-12-31,CAMP2,7943,364,929,4355
2025-12-31,CAMP3,9054,497,3440,17133
2025-12-31,CAMP4,9468,438,3295,6763
