date,product,sales,stock
2025-01-01,A,96,24
2025-01-01,B,153,17
2025-01-01,C,104,14
2025-01-02,A,158,40
2025-01-02,B,182,33
2025-01-02,C,137,33
2025-01-03,A,91,21
2025-01-03,B,154,21
2025-01-03,C,125,12
2025-01-04,A,147,0
2025-01-04,B,185,18
2025-01-04,C,144,6
2025-01-05,A,121,49
2025-01-05,B,132,44
2025-01-05,C,165,26
2025-01-06,A,155,46
2025-01-06,B,102,22
2025-01-06,C,133,2
2025-01-07,A,116,36
2025-01-07,B,102,1
2025-01-07,C,187,32
2025-01-08,A,171,8
2025-01-08,B,179,39
2025-01-08,C,81,4
2025-01-09,A,113,3
2025-01-09,B,149,12
2025-01-09,C,107,48
2025-01-10,A,122,27
2025-01-10,B,153,23
2025-01-10,C,156,30
2025-01-11,A,173,17
2025-01-11,B,125,17
2025-01-11,C,106,32
2025-01-12,A,129,11
2025-01-12,B,135,15
2025-01-12,C,174,36
2025-01-13,A,150,34
2025-01-13,B,80,40
2025-01-13,C,198,26
2025-01-14,A,159,24
2025-01-14,B,120,15
2025-01-14,C,123,1
2025-01-15,A,134,46
2025-01-15,B,160,22
2025-01-15,C,149,18
2025-01-16,A,186,36
2025-01-16,B,171,41
2025-01-16,C,149,9
2025-01-17,A,148,43
2025-01-17,B,114,45
2025-01-17,C,121,5
2025-01-18,A,150,46
2025-01-18,B,102,30
2025-01-18,C,190,2
2025-01-19,A,132,30
2025-01-19,B,112,49
2025-01-19,C,157,42
2025-01-20,A,119,38
2025-01-20,B,124,46
2025-01-20,C,90,38
2025-01-21,A,90,11
2025-01-21,B,93,45
2025-01-21,C,183,25
2025-01-22,A,179,46
2025-01-22,B,118,11
2025-01-22,C,158,36
2025-01-23,A,199,31
2025-01-23,B,133,48
2025-01-23,C,99,19
2025-01-24,A,156,12
2025-01-24,B,185,6
2025-01-24,C,144,25
2025-01-25,A,157,18
2025-01-25,B,132,8
2025-01-25,C,164,27
2025-01-26,A,160,47
2025-01-26,B,190,36
2025-01-26,C,99,3
2025-01-27,A,111,45
2025-01-27,B,118,30
2025-01-27,C,143,36
2025-01-28,A,139,7
2025-01-28,B,184,7
2025-01-28,C,136,15
2025-01-29,A,143,21
2025-01-29,B,149,18
2025-01-29,C,187,48
2025-01-30,A,89,18
2025-01-30,B,97,23
2025-01-30,C,136,35
2025-01-31,A,187,13
2025-01-31,B,135,19
2025-01-31,C,132,23
2025-02-01,A,172,17
2025-02-01,B,196,48
2025-02-01,C,185,36
2025-02-02,A,161,12
2025-02-02,B,194,33
2025-02-02,C,145,25
2025-02-03,A,125,7
2025-02-03,B,197,37
2025-02-03,C,155,21
2025-02-04,A,152,46
2025-02-04,B,81,48
2025-02-04,C,166,38
2025-02-05,A,112,0
2025-02-05,B,103,29
2025-02-05,C,93,13
2025-02-06,A,172,6
2025-02-06,B,96,23
2025-02-06,C,169,17
2025-02-07,A,186,20
2025-02-07,B,137,21
2025-02-07,C,179,38
2025-02-08,A,98,4
2025-02-08,B,174,27
2025-02-08,C,142,11
2025-02-09,A,170,23
2025-02-09,B,111,10
2025-02-09,C,196,27
2025-02-10,A,162,0
2025-02-10,B,138,34
2025-02-10,C,101,37
2025-02-11,A,103,7
2025-02-11,B,138,11
2025-02-11,C,140,8
2025-02-12,A,123,40
2025-02-12,B,170,21
2025-02-12,C,90,17
2025-02-13,A,111,8
2025-02-13,B,172,26
2025-02-13,C,180,21
2025-02-14,A,155,15
2025-02-14,B,156,41
2025-02-14,C,104,26
2025-02-15,A,183,26
2025-02-15,B,185,16
2025-02-15,C,140,14
2025-02-16,A,189,1
2025-02-16,B,195,25
2025-02-16,C,101,36
2025-02-17,A,195,36
2025-02-17,B,106,48
2025-02-17,C,120,32
2025-02-18,A,102,19
2025-02-18,B,159,33
2025-02-18,C,169,9
2025-02-19,A,146,19
2025-02-19,B,169,29
2025-02-19,C,182,4
2025-02-20,A,112,20
2025-02-20,B,81,19
2025-02-20,C,119,18
2025-02-21,A,174,40
2025-02-21,B,124,11
2025-02-21,C,108,45
2025-02-22,A,189,8
2025-02-22,B,102,35
2025-02-22,C,80,12
2025-02-23,A,114,36
2025-02-23,B,169,13
2025-02-23,C,145,1
2025-02-24,A,123,17
2025-02-24,B,198,32
2025-02-24,C,159,43
2025-02-25,A,105,15
2025-02-25,B,173,46
2025-02-25,C,109,9
2025-02-26,A,89,41
2025-02-26,B,129,0
2025-02-26,C,101,34
2025-02-27,A,142,37
2025-02-27,B,86,26
2025-02-27,C,83,27
2025-02-28,A,104,46
2025-02-28,B,195,37
2025-02-28,C,153,23
2025-03-01,A,93,5
2025-03-01,B,151,27
2025-03-01,C,149,23
2025-03-02,A,127,17
2025-03-02,B,156,7
2025-03-02,C,128,22
2025-03-03,A,168,22
2025-03-03,B,108,29
2025-03-03,C,130,40
2025-03-04,A,184,48
2025-03-04,B,127,13
2025-03-04,C,120,9
2025-03-05,A,114,28
2025-03-05,B,134,38
2025-03-05,C,117,0
2025-03-06,A,159,5
2025-03-06,B,104,12
2025-03-06,C,100,35
2025-03-07,A,186,2
2025-03-07,B,139,18
2025-03-07,C,198,37
2025-03-08,A,106,14
2025-03-08,B,190,4
2025-03-08,C,174,15
2025-03-09,A,177,10
2025-03-09,B,98,35
2025-03-09,C,177,47
2025-03-10,A,169,33
2025-03-10,B,104,5
2025-03-10,C,86,19
2025-03-11,A,185,46
2025-03-11,B,90,42
2025-03-11,C,193,12
2025-03-12,A,110,14
2025-03-12,B,147,8
2025-03-12,C,145,17
2025-03-13,A,163,35
2025-03-13,B,183,49
2025-03-13,C,163,28
2025-03-14,A,111,21
2025-03-14,B,141,45
2025-03-14,C,127,7
2025-03-15,A,149,44
2025-03-15,B,104,23
2025-03-15,C,88,47
2025-03-16,A,198,12
2025-03-16,B,154,47
2025-03-16,C,167,28
2025-03-17,A,135,32
2025-03-17,B,176,32
2025-03-17,C,95,16
2025-03-18,A,155,44
2025-03-18,B,110,37
2025-03-18,C,155,19
2025-03-19,A,88,22
2025-03-19,B,148,32
2025-03-19,C,110,36
2025-03-20,A,97,28
2025-03-20,B,153,29
2025-03-20,C,165,23
2025-03-21,A,140,21
2025-03-21,B,106,4
2025-03-21,C,137,44
2025-03-22,A,121,11
2025-03-22,B,104,7
2025-03-22,C,87,25
2025-03-23,A,134,10
2025-03-23,B,193,16
2025-03-23,C,161,36
2025-03-24,A,166,10
2025-03-24,B,103,12
2025-03-24,C,164,21
2025-03-25,A,152,31
2025-03-25,B,161,19
2025-03-25,C,110,45
2025-03-26,A,173,11
2025-03-26,B,113,28
2025-03-26,C,144,21
2025-03-27,A,132,33
2025-03-27,B,83,38
2025-03-27,C,179,13
2025-03-28,A,165,14
2025-03-28,B,112,14
2025-03-28,C,131,10
2025-03-29,A,160,26
2025-03-29,B,165,38
2025-03-29,C,108,7
2025-03-30,A,92,21
2025-03-30,B,105,13
2025-03-30,C,181,17
2025-03-31,A,116,26
2025-03-31,B,165,16
2025-03-31,C,80,48
2025-04-01,A,105,43
2025-04-01,B,100,34
2025-04-01,C,161,10
2025-04-02,A,197,3
2025-04-02,B,140,20
2025-04-02,C,109,23
2025-04-03,A,197,3
2025-04-03,B,194,10
2025-04-03,C,173,36
2025-04-04,A,119,16
2025-04-04,B,87,33
2025-04-04,C,143,17
2025-04-05,A,169,0
2025-04-05,B,80,48
2025-04-05,C,139,1
2025-04-06,A,121,6
2025-04-06,B,172,8
2025-04-06,C,118,34
2025-04-07,A,154,1
2025-04-07,B,180,6
2025-04-07,C,84,36
2025-04-08,A,199,34
2025-04-08,B,149,8
2025-04-08,C,179,43
2025-04-09,A,186,24
2025-04-09,B,92,8
2025-04-09,C,199,31
2025-04-10,A,120,16
2025-04-10,B,168,27
2025-04-10,C,97,33
2025-04-11,A,192,12
2025-04-11,B,143,14
2025-04-11,C,91,38
2025-04-12,A,166,26
2025-04-12,B,133,46
2025-04-12,C,92,7
2025-04-13,A,169,38
2025-04-13,B,135,16
2025-04-13,C,169,3
2025-04-14,A,189,2
2025-04-14,B,137,29
2025-04-14,C,108,0
2025-04-15,A,124,12
2025-04-15,B,160,6
2025-04-15,C,86,14
2025-04-16,A,194,41
2025-04-16,B,85,15
2025-04-16,C,81,23
2025-04-17,A,80,20
2025-04-17,B,101,7
2025-04-17,C,129,2
2025-04-18,A,105,44
2025-04-18,B,144,42
2025-04-18,C,94,15
2025-04-19,A,196,40
2025-04-19,B,197,46
2025-04-19,C,169,30
2025-04-20,A,92,12
2025-04-20,B,148,28
2025-04-20,C,140,26
2025-04-21,A,108,22
2025-04-21,B,123,36
2025-04-21,C,179,5
2025-04-22,A,138,6
2025-04-22,B,80,35
2025-04-22,C,170,35
2025-04-23,A,186,20
2025-04-23,B,149,35
2025-04-23,C,139,1
2025-04-24,A,131,10
2025-04-24,B,125,34
2025-04-24,C,168,49
2025-04-25,A,177,30
2025-04-25,B,154,7
2025-04-25,C,150,27
2025-04-26,A,185,16
2025-04-26,B,151,26
2025-04-26,C,146,29
2025-04-27,A,158,46
2025-04-27,B,124,38
2025-04-27,C,83,48
2025-04-28,A,125,15
2025-04-28,B,174,37
2025-04-28,C,106,36
2025-04-29,A,179,5
2025-04-29,B,196,5
2025-04-29,C,188,22
2025-04-30,A,84,20
2025-04-30,B,107,8
2025-04-30,C,156,42
2025-05-01,A,162,28
2025-05-01,B,170,12
2025-05-01,C,139,12
2025-05-02,A,167,32
2025-05-02,B,121,9
2025-05-02,C,158,11
2025-05-03,A,176,22
2025-05-03,B,189,15
2025-05-03,C,190,4
2025-05-04,A,186,47
2025-05-04,B,143,39
2025-05-04,C,119,27
2025-05-05,A,199,35
2025-05-05,B,155,47
2025-05-05,C,107,33
2025-05-06,A,191,18
2025-05-06,B,182,11
2025-05-06,C,121,45
2025-05-07,A,137,2
2025-05-07,B,131,24
2025-05-07,C,159,43
2025-05-08,A,133,43
2025-05-08,B,90,28
2025-05-08,C,169,41
2025-05-09,A,93,23
2025-05-09,B,167,35
2025-05-09,C,157,28
2025-05-10,A,82,49
2025-05-10,B,127,24
2025-05-10,C,90,33
2025-05-11,A,167,32
2025-05-11,B,127,17
2025-05-11,C,158,11
2025-05-12,A,84,22
2025-05-12,B,167,46
2025-05-12,C,168,3
2025-05-13,A,114,18
2025-05-13,B,82,31
2025-05-13,C,179,2
2025-05-14,A,184,31
2025-05-14,B,107,28
2025-05-14,C,137,2
2025-05-15,A,172,38
2025-05-15,B,141,14
2025-05-15,C,196,38
2025-05-16,A,92,13
2025-05-16,B,109,42
2025-05-16,C,186,5
2025-05-17,A,165,38
2025-05-17,B,109,9
2025-05-17,C,153,21
2025-05-18,A,112,19
2025-05-18,B,100,45
2025-05-18,C,191,11
2025-05-19,A,98,32
2025-05-19,B,127,24
2025-05-19,C,187,43
2025-05-20,A,145,18
2025-05-20,B,191,18
2025-05-20,C,81,49
2025-05-21,A,177,48
2025-05-21,B,160,3
2025-05-21,C,131,9
2025-05-22,A,172,42
2025-05-22,B,137,41
2025-05-22,C,178,15
2025-05-23,A,94,33
2025-05-23,B,196,43
2025-05-23,C,190,18
2025-05-24,A,149,47
2025-05-24,B,135,17
2025-05-24,C,167,24
2025-05-25,A,167,11
2025-05-25,B,166,14
2025-05-25,C,136,23
2025-05-26,A,173,31
2025-05-26,B,118,25
2025-05-26,C,197,12
2025-05-27,A,150,48
2025-05-27,B,131,19
2025-05-27,C,182,29
2025-05-28,A,183,13
2025-05-28,B,114,3
2025-05-28,C,119,35
2025-05-29,A,131,33
2025-05-29,B,162,15
2025-05-29,C,106,34
2025-05-30,A,175,8
2025-05-30,B,156,11
2025-05-30,C,188,10
2025-05-31,A,125,23
2025-05-31,B,172,42
2025-05-31,C,168,29
2025-06-01,A,182,10
2025-06-01,B,197,22
2025-06-01,C,190,29
2025-06-02,A,180,11
2025-06-02,B,88,45
2025-06-02,C,186,47
2025-06-03,A,150,27
2025-06-03,B,119,7
2025-06-03,C,137,43
2025-06-04,A,152,5
2025-06-04,B,101,6
2025-06-04,C,114,48
2025-06-05,A,169,28
2025-06-05,B,153,24
2025-06-05,C,108,29
2025-06-06,A,165,28
2025-06-06,B,150,47
2025-06-06,C,181,47
2025-06-07,A,165,17
2025-06-07,B,152,21
2025-06-07,C,198,26
2025-06-08,A,115,11
2025-06-08,B,120,40
2025-06-08,C,185,20
2025-06-09,A,98,24
2025-06-09,B,193,26
2025-06-09,C,188,48
2025-06-10,A,85,48
2025-06-10,B,91,5
2025-06-10,C,147,31
2025-06-11,A,89,44
2025-06-11,B,132,24
2025-06-11,C,96,38
2025-06-12,A,148,41
2025-06-12,B,186,40
2025-06-12,C,112,37
2025-06-13,A,144,40
2025-06-13,B,103,49
2025-06-13,C,150,33
2025-06-14,A,137,10
2025-06-14,B,167,16
2025-06-14,C,143,36
2025-06-15,A,100,9
2025-06-15,B,188,3
2025-06-15,C,90,27
2025-06-16,A,191,27
2025-06-16,B,189,2
2025-06-16,C,195,7
2025-06-17,A,120,7
2025-06-17,B,124,48
2025-06-17,C,116,46
2025-06-18,A,131,27
2025-06-18,B,132,41
2025-06-18,C,164,25
2025-06-19,A,146,43
2025-06-19,B,92,39
2025-06-19,C,123,32
2025-06-20,A,85,34
2025-06-20,B,140,23
2025-06-20,C,172,38
2025-06-21,A,161,15
2025-06-21,B,118,45
2025-06-21,C,88,26
2025-06-22,A,87,37
2025-06-22,B,187,42
2025-06-22,C,95,5
2025-06-23,A,183,31
2025-06-23,B,139,7
2025-06-23,C,168,42
2025-06-24,A,134,6
2025-06-24,B,199,43
2025-06-24,C,173,16
2025-06-25,A,191,18
2025-06-25,B,128,30
2025-06-25,C,88,46
2025-06-26,A,173,22
2025-06-26,B,89,4
2025-06-26,C,155,3
2025-06-27,A,90,12
2025-06-27,B,156,48
2025-06-27,C,88,2
2025-06-28,A,139,25
2025-06-28,B,152,41
2025-06-28,C,135,16
2025-06-29,A,197,17
2025-06-29,B,162,11
2025-06-29,C,160,36
2025-06-30,A,82,30
2025-06-30,B,169,14
2025-06-30,C,138,30
2025-07-01,A,130,25
2025-07-01,B,121,16
2025-07-01,C,142,21
2025-07-02,A,136,3
2025-07-02,B,184,39
2025-07-02,C,159,25
2025-07-03,A,117,1
2025-07-03,B,164,7
2025-07-03,C,141,36
2025-07-04,A,198,38
2025-07-04,B,116,34
2025-07-04,C,119,33
2025-07-05,A,149,9
2025-07-05,B,167,38
2025-07-05,C,135,48
2025-07-06,A,120,45
2025-07-06,B,188,3
2025-07-06,C,190,24
2025-07-07,A,155,15
2025-07-07,B,122,21
2025-07-07,C,176,29
2025-07-08,A,137,0
2025-07-08,B,82,18
2025-07-08,C,137,0
2025-07-09,A,152,41
2025-07-09,B,141,4
2025-07-09,C,85,43
2025-07-10,A,105,44
2025-07-10,B,197,38
2025-07-10,C,98,48
2025-07-11,A,136,16
2025-07-11,B,97,43
2025-07-11,C,192,11
2025-07-12,A,99,14
2025-07-12,B,160,34
2025-07-12,C,83,38
2025-07-13,A,183,27
2025-07-13,B,127,23
2025-07-13,C,179,28
2025-07-14,A,195,27
2025-07-14,B,84,5
2025-07-14,C,177,0
2025-07-15,A,80,2
2025-07-15,B,88,48
2025-07-15,C,163,12
2025-07-16,A,178,0
2025-07-16,B,98,41
2025-07-16,C,115,22
2025-07-17,A,141,29
2025-07-17,B,128,13
2025-07-17,C,100,32
2025-07-18,A,175,4
2025-07-18,B,93,38
2025-07-18,C,152,7
2025-07-19,A,178,39
2025-07-19,B,86,4
2025-07-19,C,182,21
2025-07-20,A,85,49
2025-07-20,B,170,15
2025-07-20,C,100,45
2025-07-21,A,175,4
2025-07-21,B,149,14
2025-07-21,C,153,14
2025-07-22,A,149,16
2025-07-22,B,174,29
2025-07-22,C,109,20
2025-07-23,A,170,33
2025-07-23,B,103,18
2025-07-23,C,149,27
2025-07-24,A,163,28
2025-07-24,B,110,14
2025-07-24,C,129,39
2025-07-25,A,158,42
2025-07-25,B,177,40
2025-07-25,C,166,5
2025-07-26,A,114,47
2025-07-26,B,109,2
2025-07-26,C,94,46
2025-07-27,A,154,17
2025-07-27,B,113,21
2025-07-27,C,158,3
2025-07-28,A,158,35
2025-07-28,B,141,2
2025-07-28,C,162,24
2025-07-29,A,189,49
2025-07-29,B,91,32
2025-07-29,C,116,11
2025-07-30,A,117,6
2025-07-30,B,88,39
2025-07-30,C,176,1
2025-07-31,A,99,26
2025-07-31,B,82,43
2025-07-31,C,192,14
2025-08-01,A,94,7
2025-08-01,B,118,21
2025-08-01,C,189,21
2025-08-02,A,198,3
2025-08-02,B,137,37
2025-08-02,C,166,35
2025-08-03,A,160,17
2025-08-03,B,125,5
2025-08-03,C,101,9
2025-08-04,A,110,9
2025-08-04,B,100,12
2025-08-04,C,104,25
2025-08-05,A,121,45
2025-08-05,B,90,35
2025-08-05,C,80,49
2025-08-06,A,154,5
2025-08-06,B,184,38
2025-08-06,C,96,26
2025-08-07,A,186,4
2025-08-07,B,81,15
2025-08-07,C,153,11
2025-08-08,A,94,47
2025-08-08,B,152,27
2025-08-08,C,142,31
2025-08-09,A,180,49
2025-08-09,B,145,40
2025-08-09,C,138,30
2025-08-10,A,171,49
2025-08-10,B,164,36
2025-08-10,C,142,1
2025-08-11,A,180,8
2025-08-11,B,155,45
2025-08-11,C,141,28
2025-08-12,A,101,10
2025-08-12,B,168,24
2025-08-12,C,135,43
2025-08-13,A,97,40
2025-08-13,B,140,47
2025-08-13,C,127,46
2025-08-14,A,138,19
2025-08-14,B,193,39
2025-08-14,C,88,9
2025-08-15,A,129,38
2025-08-15,B,153,0
2025-08-15,C,103,41
2025-08-16,A,133,39
2025-08-16,B,108,14
2025-08-16,C,164,15
2025-08-17,A,94,21
2025-08-17,B,149,42
2025-08-17,C,177,27
2025-08-18,A,151,28
2025-08-18,B,191,7
2025-08-18,C,112,2
2025-08-19,A,97,32
2025-08-19,B,95,45
2025-08-19,C,96,33
2025-08-20,A,179,3
2025-08-20,B,98,46
2025-08-20,C,114,2
2025-08-21,A,195,34
2025-08-21,B,82,10
2025-08-21,C,81,10
2025-08-22,A,144,46
2025-08-22,B,85,10
2025-08-22,C,126,0
2025-08-23,A,146,30
2025-08-23,B,107,34
2025-08-23,C,184,8
2025-08-24,A,82,21
2025-08-24,B,136,33
2025-08-24,C,89,14
2025-08-25,A,185,3
2025-08-25,B,183,36
2025-08-25,C,148,8
2025-08-26,A,134,39
2025-08-26,B,130,40
2025-08-26,C,188,39
2025-08-27,A,184,24
2025-08-27,B,127,47
2025-08-27,C,94,37
2025-08-28,A,160,27
2025-08-28,B,138,30
2025-08-28,C,88,5
2025-08-29,A,150,4
2025-08-29,B,129,33
2025-08-29,C,139,7
2025-08-30,A,179,25
2025-08-30,B,168,6
2025-08-30,C,124,7
2025-08-31,A,90,43
2025-08-31,B,115,43
2025-08-31,C,123,48
2025-09-01,A,186,33
2025-09-01,B,199,3
2025-09-01,C,186,23
2025-09-02,A,131,27
2025-09-02,B,119,23
2025-09-02,C,88,6
2025-09-03,A,98,10
2025-09-03,B,137,34
2025-09-03,C,97,10
2025-09-04,A,98,31
2025-09-04,B,117,9
2025-09-04,C,196,34
2025-09-05,A,138,49
2025-09-05,B,143,6
2025-09-05,C,186,45
2025-09-06,A,82,15
2025-09-06,B,147,18
2025-09-06,C,141,14
2025-09-07,A,167,18
2025-09-07,B,127,22
2025-09-07,C,122,0
2025-09-08,A,101,23
2025-09-08,B,134,2
2025-09-08,C,188,14
2025-09-09,A,121,18
2025-09-09,B,124,35
2025-09-09,C,152,29
2025-09-10,A,129,5
2025-09-10,B,116,13
2025-09-10,C,160,30
2025-09-11,A,173,39
2025-09-11,B,85,12
2025-09-11,C,171,21
2025-09-12,A,122,34
2025-09-12,B,82,20
2025-09-12,C,179,2
2025-09-13,A,156,3
2025-09-13,B,111,12
2025-09-13,C,164,2
2025-09-14,A,164,18
2025-09-14,B,118,6
2025-09-14,C,93,31
2025-09-15,A,156,5
2025-09-15,B,115,29
2025-09-15,C,188,7
2025-09-16,A,129,6
2025-09-16,B,190,28
2025-09-16,C,121,39
2025-09-17,A,154,47
2025-09-17,B,121,7
2025-09-17,C,151,16
2025-09-18,A,129,4
2025-09-18,B,98,11
2025-09-18,C,89,38
2025-09-19,A,122,39
2025-09-19,B,103,27
2025-09-19,C,129,27
2025-09-20,A,113,45
2025-09-20,B,89,49
2025-09-20,C,139,17
2025-09-21,A,117,40
2025-09-21,B,132,7
2025-09-21,C,119,36
2025-09-22,A,82,23
2025-09-22,B,185,1
2025-09-22,C,150,37
2025-09-23,A,124,16
2025-09-23,B,166,7
2025-09-23,C,112,16
2025-09-24,A,98,27
2025-09-24,B,125,40
2025-09-24,C,187,23
2025-09-25,A,125,20
2025-09-25,B,120,40
2025-09-25,C,186,28
2025-09-26,A,160,19
2025-09-26,B,180,20
2025-09-26,C,179,48
2025-09-27,A,134,41
2025-09-27,B,150,5
2025-09-27,C,104,16
2025-09-28,A,124,48
2025-09-28,B,159,45
2025-09-28,C,106,11
2025-09-29,A,180,37
2025-09-29,B,99,39
2025-09-29,C,162,23
2025-09-30,A,149,35
2025-09-30,B,84,44
2025-09-30,C,125,13
2025-10-01,A,88,36
2025-10-01,B,186,6
2025-10-01,C,171,23
2025-10-02,A,127,39
2025-10-02,B,104,5
2025-10-02,C,172,16
2025-10-03,A,164,3
2025-10-03,B,160,33
2025-10-03,C,96,34
2025-10-04,A,112,25
2025-10-04,B,166,43
2025-10-04,C,127,48
2025-10-05,A,98,30
2025-10-05,B,198,19
2025-10-05,C,87,19
2025-10-06,A,156,29
2025-10-06,B,87,22
2025-10-06,C,147,2
2025-10-07,A,146,36
2025-10-07,B,93,43
2025-10-07,C,157,41
2025-10-08,A,183,31
2025-10-08,B,126,27
2025-10-08,C,136,39
2025-10-09,A,100,27
2025-10-09,B,108,11
2025-10-09,C,188,4
2025-10-10,A,115,25
2025-10-10,B,162,17
2025-10-10,C,170,40
2025-10-11,A,166,16
2025-10-11,B,83,3
2025-10-11,C,147,36
2025-10-12,A,83,35
2025-10-12,B,180,29
2025-10-12,C,152,34
2025-10-13,A,188,17
2025-10-13,B,88,17
2025-10-13,C,145,17
2025-10-14,A,139,8
2025-10-14,B,193,28
2025-10-14,C,154,6
2025-10-15,A,120,22
2025-10-15,B,146,37
2025-10-15,C,144,44
2025-10-16,A,134,42
2025-10-16,B,114,34
2025-10-16,C,109,20
2025-10-17,A,193,21
2025-10-17,B,190,46
2025-10-17,C,85,42
2025-10-18,A,150,26
2025-10-18,B,83,46
2025-10-18,C,81,24
2025-10-19,A,176,21
2025-10-19,B,186,10
2025-10-19,C,193,17
2025-10-20,A,174,3
2025-10-20,B,165,26
2025-10-20,C,116,15
2025-10-21,A,144,8
2025-10-21,B,113,24
2025-10-21,C,171,24
2025-10-22,A,85,14
2025-10-22,B,139,37
2025-10-22,C,110,23
2025-10-23,A,165,47
2025-10-23,B,127,10
2025-10-23,C,138,12
2025-10-24,A,110,18
2025-10-24,B,119,44
2025-10-24,C,184,22
2025-10-25,A,119,37
2025-10-25,B,124,36
2025-10-25,C,100,30
2025-10-26,A,81,17
2025-10-26,B,186,31
2025-10-26,C,93,26
2025-10-27,A,123,13
2025-10-27,B,171,19
2025-10-27,C,198,47
2025-10-28,A,114,35
2025-10-28,B,128,49
2025-10-28,C,133,1
2025-10-29,A,139,17
2025-10-29,B,100,9
2025-10-29,C,119,20
2025-10-30,A,188,31
2025-10-30,B,135,2
2025-10-30,C,173,32
2025-10-31,A,160,11
2025-10-31,B,179,40
2025-10-31,C,189,22
2025-11-01,A,169,2
2025-11-01,B,88,24
2025-11-01,C,171,4
2025-11-02,A,158,15
2025-11-02,B,98,2
2025-11-02,C,175,22
2025-11-03,A,162,24
2025-11-03,B,93,13
2025-11-03,C,159,41
2025-11-04,A,134,47
2025-11-04,B,184,48
2025-11-04,C,132,0
2025-11-05,A,168,25
2025-11-05,B,118,26
2025-11-05,C,114,7
2025-11-06,A,82,8
2025-11-06,B,168,2
2025-11-06,C,148,10
2025-11-07,A,172,48
2025-11-07,B,120,47
2025-11-07,C,84,26
2025-11-08,A,159,45
2025-11-08,B,111,35
2025-11-08,C,129,41
2025-11-09,A,176,29
2025-11-09,B,162,28
2025-11-09,C,189,26
2025-11-10,A,184,11
2025-11-10,B,187,22
2025-11-10,C,138,8
2025-11-11,A,182,46
2025-11-11,B,182,1
2025-11-11,C,159,11
2025-11-12,A,99,32
2025-11-12,B,162,1
2025-11-12,C,118,26
2025-11-13,A,178,29
2025-11-13,B,136,37
2025-11-13,C,178,41
2025-11-14,A,141,1
2025-11-14,B,106,31
2025-11-14,C,197,36
2025-11-15,A,136,15
2025-11-15,B,181,48
2025-11-15,C,107,26
2025-11-16,A,135,28
2025-11-16,B,110,3
2025-11-16,C,124,2
2025-11-17,A,135,46
2025-11-17,B,148,16
2025-11-17,C,134,25
2025-11-18,A,160,2
2025-11-18,B,177,25
2025-11-18,C,188,39
2025-11-19,A,151,1
2025-11-19,B,153,22
2025-11-19,C,152,46
2025-11-20,A,164,0
2025-11-20,B,129,45
2025-11-20,C,120,11
2025-11-21,A,122,44
2025-11-21,B,183,14
2025-11-21,C,136,11
2025-11-22,A,117,14
2025-11-22,B,178,12
2025-11-22,C,136,6
2025-11-23,A,144,35
2025-11-23,B,163,9
2025-11-23,C,114,2
2025-11-24,A,81,29
2025-11-24,B,160,42
2025-11-24,C,191,20
2025-11-25,A,142,47
2025-11-25,B,154,18
2025-11-25,C,119,4
2025-11-26,A,123,43
2025-11-26,B,123,3
2025-11-26,C,91,4
2025-11-27,A,115,3
2025-11-27,B,176,13
2025-11-27,C,149,12
2025-11-28,A,169,17
2025-11-28,B,167,18
2025-11-28,C,102,12
2025-11-29,A,144,11
2025-11-29,B,81,13
2025-11-29,C,110,17
2025-11-30,A,98,16
2025-11-30,B,143,40
2025-11-30,C,154,41
2025-12-01,A,157,18
2025-12-01,B,176,13
2025-12-01,C,99,31
2025-12-02,A,119,32
2025-12-02,B,111,9
2025-12-02,C,98,49
2025-12-03,A,161,42
2025-12-03,B,97,8
2025-12-03,C,106,49
2025-12-04,A,107,48
2025-12-04,B,194,40
2025-12-04,C,173,13
2025-12-05,A,101,33
2025-12-05,B,176,23
2025-12-05,C,112,11
2025-12-06,A,138,39
2025-12-06,B,94,33
2025-12-06,C,187,0
2025-12-07,A,89,46
2025-12-07,B,112,24
2025-12-07,C,121,6
2025-12-08,A,115,35
2025-12-08,B,175,44
2025-12-08,C,184,26
2025-12-09,A,135,23
2025-12-09,B,167,15
2025-12-09,C,115,35
2025-12-10,A,164,35
2025-12-10,B,137,22
2025-12-10,C,187,22
2025-12-11,A,180,6
2025-12-11,B,92,35
2025-12-11,C,152,43
2025-12-12,A,140,13
2025-12-12,B,138,21
2025-12-12,C,161,33
2025-12-13,A,173,40
2025-12-13,B,133,46
2025-12-13,C,104,8
2025-12-14,A,106,39
2025-12-14,B,172,19
2025-12-14,C,161,26
2025-12-15,A,172,13
2025-12-15,B,125,26
2025-12-15,C,197,39
2025-12-16,A,177,4
2025-12-16,B,186,42
2025-12-16,C,93,29
2025-12-17,A,117,11
2025-12-17,B,189,5
2025-12-17,C,111,41
2025-12-18,A,131,26
2025-12-18,B,110,47
2025-12-18,C,138,18
2025-12-19,A,134,2
2025-12-19,B,155,34
2025-12-19,C,157,26
2025-12-20,A,190,45
2025-12-20,B,136,31
2025-12-20,C,195,46
2025-12-21,A,154,1
2025-12-21,B,115,33
2025-12-21,C,99,30
2025-12-22,A,87,12
2025-12-22,B,191,39
2025-12-22,C,83,44
2025-12-23,A,91,12
2025-12-23,B,165,48
2025-12-23,C,87,44
2025-12-24,A,107,39
2025-12-24,B,161,10
2025-12-24,C,148,30
2025-12-25,A,129,24
2025-12-25,B,87,36
2025-12-25,C,124,9
2025-12-26,A,105,22
2025-12-26,B,145,8
2025-12-26,C,190,44
2025-12-27,A,139,31
2025-12-27,B,165,37
2025-12-27,C,177,11
2025-12-28,A,163,2
2025-12-28,B,170,22
2025-12-28,C,182,2
2025-12-29,A,99,5
2025-12-29,B,134,21
2025-12-29,C,156,31
2025-12-30,A,171,37
2025-12-30,B,91,15
2025-12-30,C,168,46
2025-12-31,A,188,45
2025-12-31,B,81,27
2025-12-31,C,114,38
